rank,char_trad,char_simp,count
1,的,,19612774
2,是,,10906495
3,一,,9206925
4,不,,8654427
5,我,,7184509
6,有,,5943526
7,個,个,5420669
8,這,这,4660570
9,人,,4629727
10,在,,4378562
11,了,,3992549
12,就,,3939296
13,你,,3270508
14,大,,3265812
15,要,,2833879
16,以,,2801477
17,來,来,2733175
18,為,为,2681814
19,上,,2664888
20,都,,2628003
21,時,时,2515550
22,也,,2502670
23,到,,2494292
24,說,说,2347011
25,自,,2323204
26,能,,2314264
27,沒,没,2298066
28,可,,2226924
29,看,,2225777
30,很,,2211122
31,會,会,2210387
32,他,,2195339
33,么,,2180962
34,麼,么,2180962
35,多,,2119344
36,和,,2074657
37,好,,2071856
38,學,学,2007249
39,還,还,1959975
40,中,,1890003
41,對,对,1858516
42,得,,1843323
43,后,,1839617
44,後,后,1839617
45,過,过,1786093
46,們,们,1778116
47,那,,1748111
48,生,,1688347
49,國,国,1672154
50,出,,1629530
51,齣,出,1629530
52,下,,1620745
53,然,,1582793
54,家,,1520836
55,傢,家,1520836
56,年,,1514514
57,如,,1494400
58,小,,1453425
59,問,问,1440164
60,想,,1439226
61,本,,1417961
62,但,,1394613
63,而,,1358276
64,用,,1356481
65,最,,1337701
66,去,,1337547
67,于,,1316988
68,於,于,1316988
69,所,,1306998
70,實,实,1299571
71,子,,1296533
72,己,,1284362
73,現,现,1270098
74,天,,1265487
75,里,,1238051
76,裡,里,1238051
77,之,,1236622
78,什,,1228372
79,發,发,1220450
80,髮,发,1220450
81,經,经,1219164
82,只,,1212525
83,隻,只,1212525
84,分,,1207825
85,比,,1195120
86,其,,1150515
87,前,,1147284
88,面,,1142974
89,麵,面,1142974
90,當,当,1137770
91,噹,当,1137770
92,開,开,1124168
93,主,,1123676
94,因,,1115140
95,成,,1112840
96,種,种,1087486
97,作,,1086340
98,地,,1082628
99,方,,1082220
100,心,,1052757
101,點,点,1036364
102,覺,觉,1021478
103,做,,1012317
104,些,,1010282
105,真,,1003504
106,果,,997118
107,高,,987300
108,回,,958027
109,迴,回,958027
110,答,,956582
111,無,无,949881
112,知,,949167
113,事,,944850
114,題,题,943843
115,同,,934499
116,理,,927206
117,道,,913002
118,定,,901006
119,感,,878477
120,樣,样,866446
121,被,,848309
122,女,,848132
123,几,,839464
124,幾,几,839464
125,情,,837129
126,意,,835849
127,業,业,835612
128,起,,833965
129,從,从,833681
130,老,,828887
131,行,,824601
132,別,别,818386
133,彆,别,818386
134,給,给,800040
135,兩,两,794933
136,手,,780963
137,體,体,768379
138,三,,767924
139,更,,757131
140,工,,755944
141,關,关,741711
142,文,,737933
143,常,,734907
144,法,,728136
145,第,,727290
146,正,,726504
147,她,,725404
148,公,,714734
149,者,,709323
150,動,动,707619
151,打,,700668
152,性,,699808
153,相,,699139
154,身,,696676
155,全,,694779
156,直,,694653
157,機,机,688929
158,候,,686866
159,力,,678520
160,把,,676618
161,次,,674423
162,太,,669999
163,美,,665219
164,部,,665035
165,明,,664735
166,間,间,643792
167,重,,634193
168,電,电,627209
169,讓,让,625144
170,先,,617817
171,內,内,612905
172,外,,611015
173,長,长,597350
174,應,应,588725
175,度,,581540
176,男,,576689
177,新,,574464
178,再,,573231
179,喜,,567429
180,或,,562619
181,每,,561355
182,數,数,559955
183,愛,爱,556934
184,基,,552568
185,友,,550476
186,認,认,549466
187,進,进,547994
188,考,,546182
189,原,,544394
190,完,,543918
191,少,,542145
192,并,,540076
193,並,并,540076
194,併,并,540076
195,日,,538194
196,接,,530470
197,合,,529928
198,閤,合,529928
199,加,,528874
200,解,,527279
201,結,结,523254
202,等,,522325
203,二,,520453
204,已,,519688
205,非,,519568
206,特,,518628
207,話,话,515158
208,歡,欢,502967
209,又,,500491
210,論,论,498640
211,社,,497721
212,吃,,497143
213,東,东,495526
214,提,,494388
215,名,,489829
216,通,,487679
217,算,,484394
218,才,,483812
219,信,,483401
220,平,,475465
221,十,,475043
222,怎,,473148
223,代,,472276
224,該,该,470295
225,水,,469405
226,跟,,466738
227,單,单,464886
228,表,,462901
229,錶,表,462901
230,區,区,461361
231,各,,458772
232,教,,458473
233,入,,453286
234,與,与,452309
235,目,,447257
236,反,,446553
237,需,,439552
238,較,较,436675
239,活,,435062
240,位,,434949
241,頭,头,433678
242,見,见,432698
243,產,产,430832
244,且,,430292
245,買,买,429619
246,像,,429315
247,西,,424832
248,至,,423713
249,網,网,423014
250,類,类,419675
251,朋,,419668
252,世,,416233
253,量,,414601
254,放,,414446
255,何,,409802
256,系,,404642
257,係,系,404642
258,繫,系,404642
259,找,,402716
260,始,,400434
261,車,车,399903
262,寫,写,398484
263,化,,398342
264,科,,395682
265,期,,394750
266,專,专,394514
267,影,,391991
268,場,场,391166
269,首,,389597
270,品,,389132
271,師,师,388123
272,總,总,387616
273,計,计,386932
274,物,,386420
275,變,变,380300
276,選,选,374505
277,受,,370180
278,語,语,367589
279,民,,367267
280,程,,363968
281,資,资,363633
282,白,,362534
283,難,难,362116
284,帶,带,360416
285,件,,360117
286,圖,图,359372
287,利,,354438
288,記,记,352840
289,思,,351138
290,聽,听,350813
291,清,,349225
292,書,书,349039
293,制,,348320
294,製,制,348320
295,觀,观,348224
296,越,,347926
297,口,,346418
298,門,门,346008
299,視,视,344510
300,此,,343490
301,路,,343231
302,確,确,343046
303,價,价,341934
304,安,,341781
305,氣,气,340087
306,孩,,339945
307,簡,简,339780
308,保,,339737
309,強,强,337499
310,習,习,334837
311,游,,334723
312,遊,游,334723
313,交,,333910
314,玩,,333694
315,邊,边,329570
316,市,,327572
317,神,,326250
318,眼,,325157
319,流,,323013
320,設,设,322995
321,建,,319019
322,校,,317533
323,走,,316591
324,月,,316389
325,謝,谢,315145
326,容,,314008
327,金,,313924
328,格,,313099
329,使,,312136
330,任,,310915
331,必,,310684
332,微,,309086
333,四,,308810
334,讀,读,306929
335,剛,刚,306900
336,界,,305679
337,錢,钱,305019
338,死,,302507
339,風,风,302124
340,今,,298958
341,兒,儿,297192
342,媽,妈,296645
343,推,,296574
344,處,处,296094
345,戰,战,294641
346,請,请,294153
347,收,,293753
348,哪,,293619
349,百,,292856
350,海,,292241
351,萬,万,291405
352,及,,290105
353,管,,289671
354,它,,289437
355,質,质,288633
356,整,,287876
357,張,张,287530
358,拿,,283520
359,醫,医,282839
360,曆,历,281950
361,歷,历,281950
362,便,,281584
363,干,,280495
364,乾,干,280495
365,幹,干,280495
366,試,试,280232
367,司,,279188
368,傳,传,279158
369,技,,278964
370,北,,278780
371,某,,278713
372,英,,278288
373,級,级,277180
374,哈,,276954
375,馬,马,276715
376,字,,276491
377,片,,274798
378,求,,271853
379,色,,271725
380,導,导,271336
381,識,识,271096
382,由,,270949
383,花,,270636
384,向,,270178
385,嚮,向,270178
386,包,,270090
387,黑,,269054
388,差,,268884
389,注,,267680
390,註,注,267680
391,服,,267062
392,根,,266871
393,朮,术,265557
394,術,术,265557
395,台,,264470
396,臺,台,264470
397,颱,台,264470
398,評,评,264025
399,線,线,262624
400,音,,262243
401,講,讲,261916
402,政,,261495
403,式,,261426
404,深,,260533
405,畢,毕,260000
406,條,条,259194
407,運,运,257236
408,半,,257181
409,持,,256675
410,近,,256483
411,光,,256025
412,商,,255049
413,照,,254918
414,轉,转,254589
415,指,,254317
416,樂,乐,253916
417,早,,253785
418,快,,253401
419,復,复,253016
420,複,复,253016
421,五,,252527
422,空,,252154
423,員,员,251837
424,精,,249328
425,雖,虽,248711
426,段,,248509
427,改,,246313
428,易,,246178
429,義,义,244965
430,望,,244898
431,裝,装,244846
432,案,,244822
433,據,据,244400
434,夠,够,243422
435,統,统,243372
436,決,决,241690
437,立,,241542
438,般,,241229
439,房,,238891
440,拉,,235597
441,住,,234017
442,周,,233606
443,週,周,233606
444,初,,233134
445,親,亲,231707
446,言,,231678
447,標,标,231464
448,概,,231174
449,演,,230911
450,斯,,230541
451,叫,,230285
452,往,,230132
453,存,,230065
454,將,将,229948
455,滿,满,229671
456,准,,228389
457,準,准,228389
458,節,节,228140
459,告,,227771
460,研,,226327
461,超,,225893
462,聯,联,225813
463,普,,224103
464,絕,绝,223865
465,球,,222948
466,軍,军,222655
467,優,优,222612
468,角,,222211
469,除,,221461
470,離,离,220351
471,城,,219941
472,南,,216501
473,証,证,216055
474,證,证,216055
475,錯,错,215988
476,句,,215729
477,形,,214885
478,遠,远,214854
479,隨,随,214435
480,功,,213545
481,許,许,213496
482,務,务,212832
483,費,费,212641
484,達,达,210411
485,畫,画,210389
486,卻,却,208287
487,另,,206120
488,故,,205174
489,廣,广,205130
490,造,,204104
491,腦,脑,203854
492,具,,203565
493,德,,203503
494,戲,戏,203241
495,王,,202134
496,調,调,201334
497,底,,200902
498,值,,199635
499,低,,199496
500,希,,199012
501,晚,,198701
502,熱,热,198590
503,參,参,198133
504,極,极,197610
505,未,,197220
506,眾,众,196350
507,失,,196336
508,即,,196072
509,規,规,195969
510,輕,轻,194482
511,母,,194360
512,院,,193608
513,華,华,193504
514,隊,队,193198
515,報,报,193164
516,權,权,192878
517,適,适,192871
518,班,,192359
519,備,备,191627
520,連,连,191503
521,客,,191319
522,劇,剧,190598
523,聲,声,190462
524,僅,仅,190448
525,細,细,190420
526,幫,帮,190417
527,排,,190354
528,山,,190326
529,站,,189961
530,背,,188317
531,模,,187358
532,取,,186738
533,況,况,185841
534,戶,户,185722
535,驗,验,185716
536,乎,,185687
537,領,领,185564
538,誰,谁,185429
539,寶,宝,185240
540,治,,184631
541,型,,184556
542,紅,红,184528
543,似,,184416
544,父,,184291
545,效,,182671
546,支,,182571
547,留,,182194
548,談,谈,181929
549,投,,180642
550,火,,180091
551,星,,179830
552,換,换,179609
553,爾,尔,179430
554,終,终,177852
555,甚,,176401
556,步,,176235
557,足,,176100
558,博,,175962
559,樓,楼,175836
560,消,,175779
561,顯,显,175401
562,士,,175382
563,象,,175039
564,跑,,174796
565,爸,,174419
566,拍,,173444
567,配,,172715
568,怕,,172480
569,展,,172121
570,笑,,171976
571,命,,171823
572,假,,171721
573,養,养,171495
574,引,,171019
575,補,补,170701
576,千,,170650
577,韆,千,170650
578,課,课,170373
579,曾,,169926
580,際,际,169104
581,靠,,169103
582,號,号,168576
583,史,,168316
584,群,,167911
585,病,,166694
586,否,,166673
587,穿,,165104
588,歌,,164824
589,獨,独,164528
590,妹,,164464
591,食,,164427
592,態,态,162646
593,職,职,162586
594,斷,断,162472
595,創,创,162388
596,致,,161996
597,緻,致,161996
598,辦,办,160865
599,慢,,159736
600,究,,159730
601,古,,159721
602,版,,159273
603,竟,,159236
604,共,,158775
605,擇,择,158205
606,遇,,157986
607,切,,157946
608,維,维,157626
609,修,,157005
610,脩,修,157005
611,粉,,156940
612,克,,156709
613,剋,克,156709
614,突,,156346
615,例,,156118
616,續,续,155854
617,屬,属,155728
618,速,,155675
619,八,,155597
620,壓,压,155293
621,奇,,154881
622,器,,154647
623,哥,,154423
624,歲,岁,152869
625,環,环,152122
626,組,组,151916
627,練,练,151650
628,集,,151308
629,訴,诉,151239
630,按,,151141
631,臉,脸,150846
632,則,则,150716
633,充,,150288
634,興,兴,150240
635,挺,,150178
636,啊,,150151
637,衣,,149366
638,左,,149152
639,團,团,148279
640,愿,,147796
641,願,愿,147796
642,議,议,147655
643,賣,卖,147616
644,坐,,147352
645,肯,,147289
646,京,,147108
647,搞,,145181
648,源,,144686
649,皮,,144545
650,懂,,144099
651,雙,双,143706
652,飛,飞,143298
653,飯,饭,142779
654,睡,,141233
655,層,层,139939
656,牛,,139901
657,婚,,139760
658,詞,词,139667
659,翻,,138660
660,殺,杀,138513
661,爭,争,137811
662,盡,尽,137717
663,儘,尽,137717
664,肉,,137664
665,藝,艺,136709
666,洗,,136349
667,米,,136235
668,濟,济,135957
669,素,,135516
670,率,,135470
671,族,,135422
672,害,,134938
673,軟,软,134838
674,護,护,134837
675,依,,134611
676,稱,称,134529
677,毛,,134500
678,室,,134448
679,互,,134133
680,育,,133873
681,青,,133846
682,元,,133829
683,印,,133785
684,討,讨,133524
685,布,,133148
686,漢,汉,132962
687,味,,132698
688,官,,132694
689,店,,132338
690,營,营,132066
691,智,,132000
692,血,,131998
693,阿,,131756
694,嚴,严,131672
695,卡,,131317
696,待,,130866
697,久,,130802
698,倒,,130578
699,巴,,130013
700,戀,恋,129690
701,追,,129178
702,念,,128897
703,唸,念,128897
704,黃,黄,128801
705,居,,128461
706,逼,,128246
707,負,负,127982
708,約,约,127900
709,聊,,127688
710,香,,126278
711,預,预,126274
712,送,,126013
713,傷,伤,125929
714,塊,块,125699
715,息,,125641
716,境,,125221
717,板,,124602
718,闆,板,124602
719,項,项,123912
720,舉,举,123636
721,票,,123439
722,狀,状,123198
723,圍,围,123040
724,掉,,122883
725,響,响,122394
726,羅,罗,122041
727,狗,,121981
728,份,,121641
729,控,,121104
730,示,,120644
731,林,,120510
732,圈,,120434
733,六,,120162
734,套,,120128
735,夜,,119936
736,列,,119667
737,限,,119626
738,編,编,119536
739,查,,119349
740,酒,,119126
741,油,,118309
742,筆,笔,118088
743,牌,,117965
744,供,,117464
745,須,须,117340
746,鬚,须,117340
747,土,,117214
748,武,,117188
749,敢,,117015
750,朝,,116826
751,偏,,116750
752,順,顺,116662
753,賽,赛,116235
754,破,,116168
755,堅,坚,116163
756,銷,销,115257
757,亞,亚,115033
758,料,,114882
759,企,,114748
760,落,,114642
761,律,,114390
762,景,,114384
763,純,纯,114055
764,喝,,113121
765,奶,,112540
766,努,,112359
767,缺,,112069
768,贊,赞,111688
769,讚,赞,111688
770,溫,温,111319
771,姐,,111249
772,短,,111113
773,助,,110739
774,惡,恶,110057
775,荐,,109659
776,絲,丝,109653
777,承,,109627
778,貼,贴,109032
779,熟,,108813
780,苦,,108684
781,李,,108164
782,謂,谓,108158
783,篇,,107633
784,增,,107592
785,健,,107156
786,防,,106475
787,局,,106436
788,擊,击,106100
789,冷,,105888
790,刻,,105301
791,免,,105296
792,七,,105030
793,構,构,104272
794,爺,爷,104269
795,異,异,104260
796,款,,104221
797,藥,药,104145
798,材,,103807
799,吸,,103730
800,富,,103706
801,永,,103687
802,測,测,103315
803,吧,,103119
804,獲,获,102437
805,穫,获,102437
806,勢,势,102349
807,激,,102300
808,省,,101891
809,責,责,100652
810,慮,虑,100590
811,頻,频,100375
812,享,,100359
813,階,阶,100268
814,歐,欧,100222
815,碼,码,100066
816,繼,继,99878
817,招,,99647
818,略,,99523
819,抱,,99234
820,股,,99182
821,置,,99062
822,私,,98830
823,既,,98540
824,划,,98457
825,劃,划,98457
826,升,,98396
827,唱,,98373
828,鐵,铁,98276
829,福,,97756
830,雞,鸡,97608
831,端,,97402
832,陽,阳,97200
833,姑,,97117
834,介,,96706
835,江,,96697
836,硬,,96694
837,懷,怀,96579
838,付,,96059
839,沖,冲,95977
840,衝,冲,95977
841,痛,,95821
842,州,,95628
843,混,,95621
844,積,积,95379
845,刷,,95313
846,暴,,94750
847,幸,,94563
848,倖,幸,94563
849,龍,龙,94549
850,止,,94210
851,貨,货,93862
852,操,,93700
853,紀,纪,93693
854,括,,93424
855,銀,银,93409
856,志,,93372
857,誌,志,93372
858,錄,录,93325
859,韓,韩,93062
860,春,,92315
861,爆,,92293
862,趣,,92247
863,菜,,91941
864,麻,,91406
865,帝,,91260
866,鍵,键,91141
867,波,,91041
868,夫,,91009
869,緊,紧,90910
870,核,,90745
871,迷,,90697
872,右,,90510
873,云,,90491
874,雲,云,90491
875,減,减,90274
876,典,,90078
877,善,,90065
878,警,,90049
879,章,,89923
880,觸,触,89779
881,停,,89744
882,判,,89339
883,益,,88818
884,默,,88818
885,鍾,钟,88806
886,鐘,钟,88806
887,疑,,88773
888,娘,,88695
889,財,财,88502
890,弟,,88345
891,旅,,88113
892,跳,,87412
893,訓,训,86927
894,曲,,86879
895,麴,曲,86879
896,蘭,兰,86450
897,夢,梦,86224
898,尤,,86094
899,甦,苏,85703
900,蘇,苏,85703
901,囌,苏,85703
902,購,购,85663
903,貓,猫,85325
904,占,,85101
905,佔,占,85101
906,盤,盘,84998
907,靈,灵,84990
908,木,,84957
909,良,,84546
910,借,,84364
911,述,,84236
912,邀,,84061
913,忘,,84019
914,估,,84012
915,亮,,83796
916,石,,83765
917,亂,乱,83437
918,農,农,83218
919,誤,误,83040
920,范,,82877
921,範,范,82877
922,秀,,82779
923,蛋,,82747
924,偶,,82724
925,顏,颜,82701
926,擔,担,82387
927,怪,,82168
928,密,,82165
929,貴,贵,81982
930,唯,,81859
931,坏,,81805
932,壞,坏,81805
933,驚,惊,81747
934,忍,,81723
935,腳,脚,81583
936,索,,81523
937,遍,,81278
938,聞,闻,81274
939,搜,,80837
940,蒐,搜,80837
941,尼,,79580
942,斗,,79565
943,鬥,斗,79565
944,歸,归,79485
945,移,,79316
946,佛,,79279
947,彿,佛,79279
948,礎,础,78976
949,若,,78760
950,陸,陆,78531
951,府,,78494
952,黨,党,78381
953,彈,弹,78333
954,靜,静,78185
955,播,,78183
956,險,险,78075
957,床,,78003
958,恐,,77951
959,序,,77852
960,析,,77710
961,輸,输,77586
962,批,,77505
963,雜,杂,77484
964,退,,77332
965,九,,77330
966,輯,辑,77082
967,融,,76943
968,頂,顶,76934
969,舍,,76377
970,捨,舍,76377
971,洲,,76342
972,牙,,76330
973,庭,,75767
974,漫,,74790
975,鏡,镜,74303
976,耳,,74202
977,輩,辈,74169
978,浪,,74129
979,載,载,73479
980,港,,73412
981,膚,肤,73219
982,鮮,鲜,73132
983,察,,73086
984,架,,73012
985,描,,72995
986,禮,礼,72931
987,脫,脱,72924
988,顧,顾,72396
989,豆,,72089
990,偷,,71985
991,均,,71929
992,含,,71902
993,賺,赚,71452
994,釋,释,71433
995,魚,鱼,71409
996,午,,71022
997,攻,,71012
998,腿,,70962
999,紙,纸,70959
1000,兵,,70758
1001,楚,,70698
1002,衛,卫,70646
1003,域,,70537
1004,村,,70482
1005,夏,,70153
1006,閱,阅,69847
1007,河,,69837
1008,采,,69821
1009,採,采,69821
1010,松,,69706
1011,鬆,松,69706
1012,婆,,69686
1013,穩,稳,69383
1014,毒,,69259
1015,罵,骂,69069
1016,街,,68918
1017,犯,,68887
1018,暗,,68875
1019,吐,,68502
1020,宣,,68086
1021,折,,68075
1022,摺,折,68075
1023,派,,67958
1024,余,,67949
1025,餘,余,67949
1026,降,,67850
1027,針,针,67752
1028,檢,检,67727
1029,棄,弃,67546
1030,策,,67546
1031,灣,湾,67466
1032,藏,,67407
1033,攝,摄,67211
1034,避,,67058
1035,慣,惯,66944
1036,園,园,66792
1037,野,,66700
1038,挑,,66394
1039,呵,,66121
1040,絡,络,66097
1041,伙,,65991
1042,夥,伙,65991
1043,媒,,65974
1044,嘴,,65900
1045,培,,65823
1046,臨,临,65700
1047,餐,,65589
1048,哭,,65539
1049,魔,,65435
1050,座,,65188
1051,附,,65169
1052,傻,,65130
1053,守,,65098
1054,宗,,65082
1055,骨,,64933
1056,劉,刘,64776
1057,淘,,64697
1058,弱,,64552
1059,巨,,64260
1060,航,,64223
1061,尊,,64223
1062,抗,,64219
1063,競,竞,64086
1064,毫,,64043
1065,伴,,63768
1066,輪,轮,63715
1067,搭,,63655
1068,虛,虚,63598
1069,距,,63524
1070,掛,挂,63520
1071,威,,63204
1072,射,,63130
1073,割,,63102
1074,救,,63056
1075,著,,62936
1076,康,,62710
1077,隔,,62634
1078,露,,62540
1079,執,执,62493
1080,莫,,62387
1081,您,,62149
1082,困,,62101
1083,睏,困,62101
1084,宿,,62031
1085,審,审,62021
1086,擁,拥,61964
1087,草,,61792
1088,醒,,61785
1089,陳,陈,61745
1090,沉,,61706
1091,譯,译,61670
1092,令,,61654
1093,封,,61496
1094,奧,奥,61484
1095,沙,,61405
1096,績,绩,61389
1097,零,,61370
1098,騙,骗,61370
1099,透,,61208
1100,忽,,61172
1101,售,,61160
1102,抽,,61110
1103,累,,60985
1104,勝,胜,60844
1105,皇,,60833
1106,舒,,60483
1107,季,,60261
1108,敗,败,60133
1109,趕,赶,59907
1110,漂,,59861
1111,冰,,59818
1112,散,,59777
1113,刺,,59701
1114,刀,,59524
1115,蓋,盖,59389
1116,抓,,59286
1117,納,纳,59162
1118,廠,厂,59027
1119,漸,渐,58757
1120,勞,劳,58665
1121,旁,,58630
1122,殘,残,58569
1123,舊,旧,58481
1124,肌,,57816
1125,弄,,57721
1126,堂,,57644
1127,急,,57627
1128,彩,,57617
1129,綵,彩,57617
1130,陰,阴,57587
1131,邏,逻,57498
1132,欲,,57285
1133,慾,欲,57285
1134,掌,,57021
1135,綠,绿,57014
1136,聖,圣,56877
1137,麗,丽,56829
1138,雷,,56639
1139,隱,隐,56635
1140,申,,56181
1141,簽,签,56176
1142,籤,签,56176
1143,胡,,56144
1144,鬍,胡,56144
1145,符,,56042
1146,末,,55505
1147,燒,烧,55480
1148,吹,,55284
1149,呼,,55162
1150,稍,,55159
1151,療,疗,55141
1152,館,馆,54912
1153,狂,,54905
1154,鏈,链,54892
1155,川,,54775
1156,托,,54733
1157,託,托,54733
1158,屏,,54495
1159,貌,,54059
1160,悲,,54025
1161,雪,,53940
1162,孤,,53648
1163,窮,穷,53622
1164,獎,奖,53556
1165,堆,,53516
1166,罪,,53466
1167,碰,,53438
1168,烈,,53377
1169,桌,,53072
1170,租,,52840
1171,休,,52636
1172,童,,52416
1173,症,,52400
1174,癥,症,52400
1175,倆,俩,52290
1176,遺,遗,51983
1177,淡,,51974
1178,嘗,尝,51836
1179,嚐,尝,51836
1180,巧,,51835
1181,楊,杨,51691
1182,固,,51547
1183,茶,,51534
1184,陪,,51377
1185,詩,诗,51208
1186,危,,50872
1187,仍,,50829
1188,幕,,50776
1189,舞,,50763
1190,雄,,50706
1191,藍,蓝,50562
1192,齡,龄,50453
1193,憶,忆,50441
1194,握,,50409
1195,泡,,50406
1196,摸,,50348
1197,洋,,50215
1198,織,织,50172
1199,胸,,49967
1200,甲,,49954
1201,忙,,49908
1202,萌,,49894
1203,雨,,49889
1204,酸,,49687
1205,鞋,,49582
1206,叔,,49442
1207,炸,,49304
1208,紹,绍,49261
1209,剩,,49245
1210,迎,,49192
1211,頓,顿,49111
1212,副,,49061
1213,兄,,49055
1214,拼,,48982
1215,妝,妆,48980
1216,豐,丰,48952
1217,禁,,48916
1218,帥,帅,48851
1219,槽,,48793
1220,煩,烦,48698
1221,騰,腾,48668
1222,噴,喷,48585
1223,菸,烟,48543
1224,煙,烟,48543
1225,騎,骑,48468
1226,島,岛,48462
1227,蒙,,48384
1228,濛,蒙,48384
1229,矇,蒙,48384
1230,革,,48336
1231,協,协,48318
1232,湖,,48149
1233,尋,寻,48138
1234,君,,48050
1235,宜,,47667
1236,搶,抢,47635
1237,額,额,47580
1238,胖,,47574
1239,槍,枪,47364
1240,鬧,闹,47307
1241,擺,摆,47297
1242,倫,伦,47259
1243,伊,,47200
1244,昨,,47189
1245,冬,,47177
1246,鼕,冬,47177
1247,幻,,47039
1248,監,监,46980
1249,插,,46896
1250,鬼,,46831
1251,刪,删,46826
1252,粗,,46803
1253,雅,,46736
1254,勇,,46695
1255,諸,诸,46543
1256,俗,,46495
1257,飲,饮,46428
1258,涉,,46391
1259,燈,灯,46151
1260,敏,,46126
1261,委,,46076
1262,凡,,45955
1263,田,,45872
1264,厭,厌,45739
1265,束,,45722
1266,婦,妇,45706
1267,蘋,苹,45701
1268,綜,综,45652
1269,侵,,45642
1270,患,,45622
1271,拒,,45467
1272,聚,,45443
1273,登,,45388
1274,祖,,45330
1275,誠,诚,45308
1276,授,,45196
1277,施,,45178
1278,陣,阵,45112
1279,吉,,45057
1280,厲,厉,45042
1281,樹,树,45003
1282,探,,44987
1283,稅,税,44965
1284,途,,44845
1285,憑,凭,44476
1286,尾,,44400
1287,疼,,44335
1288,損,损,44236
1289,厚,,44197
1290,尚,,44171
1291,淨,净,44142
1292,逐,,43941
1293,鋼,钢,43910
1294,閑,闲,43902
1295,閒,闲,43902
1296,肥,,43788
1297,截,,43663
1298,頁,页,43588
1299,拜,,43586
1300,扯,,43534
1301,匿,,43506
1302,億,亿,43416
1303,坑,,43350
1304,丟,丢,43304
1305,汽,,43225
1306,寧,宁,43190
1307,玉,,42910
1308,孫,孙,42845
1309,榮,荣,42789
1310,唐,,42741
1311,替,,42717
1312,庫,库,42716
1313,恰,,42681
1314,鼓,,42601
1315,詳,详,42573
1316,俄,,42341
1317,緣,缘,42319
1318,坦,,42254
1319,震,,42242
1320,屁,,42227
1321,征,,42166
1322,徵,征,42166
1323,鄉,乡,42041
1324,仔,,41742
1325,耐,,41742
1326,摩,,41623
1327,圓,圆,41580
1328,潛,潜,41483
1329,磨,,41480
1330,睛,,41437
1331,築,筑,41379
1332,糾,纠,41277
1333,炮,,41192
1334,戴,,41163
1335,閉,闭,41079
1336,炒,,41045
1337,迫,,40917
1338,杯,,40846
1339,盃,杯,40846
1340,辛,,40809
1341,鍋,锅,40760
1342,卷,,40656
1343,捲,卷,40656
1344,拖,,40610
1345,染,,40556
1346,廢,废,40551
1347,爛,烂,40331
1348,霸,,40071
1349,旦,,39962
1350,秒,,39934
1351,懶,懒,39793
1352,牆,墙,39575
1353,幼,,39559
1354,獻,献,39409
1355,傾,倾,39369
1356,豬,猪,39337
1357,寒,,39216
1358,偉,伟,39160
1359,猜,,39084
1360,逃,,39026
1361,滅,灭,38986
1362,蠻,蛮,38979
1363,怒,,38826
1364,鼻,,38805
1365,敵,敌,38585
1366,暖,,38582
1367,抑,,38551
1368,瓶,,38532
1369,魯,鲁,38511
1370,詢,询,38452
1371,惜,,38428
1372,諾,诺,38275
1373,啟,启,38252
1374,葉,叶,38249
1375,檔,档,38135
1376,寬,宽,38034
1377,淚,泪,37838
1378,幣,币,37722
1379,嫌,,37692
1380,延,,37689
1381,丑,,37653
1382,醜,丑,37653
1383,臥,卧,37621
1384,搬,,37596
1385,丁,,37589
1386,恩,,37583
1387,甜,,37543
1388,側,侧,37528
1389,塞,,37527
1390,妻,,37475
1391,姓,,37461
1392,冠,,37332
1393,伯,,37258
1394,柔,,37195
1395,潮,,37190
1396,佳,,37187
1397,夸,,37052
1398,誇,夸,37052
1399,抄,,37035
1400,瘦,,37026
1401,宮,宫,37005
1402,宇,,36967
1403,箱,,36965
1404,匯,汇,36813
1405,彙,汇,36813
1406,慶,庆,36738
1407,呆,,36695
1408,湯,汤,36664
1409,貝,贝,36661
1410,聰,聪,36649
1411,敬,,36609
1412,窗,,36451
1413,腰,,36413
1414,豪,,36396
1415,杰,,36231
1416,傑,杰,36231
1417,秋,,36212
1418,鞦,秋,36212
1419,辣,,36001
1420,冒,,35983
1421,祕,秘,35914
1422,迪,,35876
1423,亡,,35861
1424,繁,,35856
1425,潔,洁,35852
1426,奮,奋,35695
1427,薩,萨,35686
1428,壁,,35642
1429,溝,沟,35626
1430,瞬,,35597
1431,瘋,疯,35582
1432,泰,,35580
1433,糖,,35569
1434,醣,糖,35569
1435,劍,剑,35458
1436,亦,,35352
1437,哲,,35252
1438,褲,裤,35183
1439,緒,绪,35177
1440,撕,,35073
1441,滑,,35035
1442,仿,,35017
1443,麥,麦,35013
1444,央,,35000
1445,欺,,34837
1446,暫,暂,34776
1447,賬,账,34749
1448,拋,抛,34733
1449,辯,辩,34651
1450,訪,访,34624
1451,爽,,34616
1452,薪,,34616
1453,揮,挥,34564
1454,徒,,34438
1455,琴,,34336
1456,扎,,34243
1457,紮,扎,34243
1458,渣,,34126
1459,趙,赵,34024
1460,滾,滚,34012
1461,吵,,34004
1462,兼,,33820
1463,違,违,33798
1464,羊,,33747
1465,郁,,33690
1466,鬱,郁,33690
1467,咖,,33396
1468,縮,缩,33373
1469,乏,,33301
1470,搖,摇,33293
1471,徹,彻,33230
1472,齊,齐,33206
1473,恨,,33178
1474,旗,,33157
1475,臟,脏,33099
1476,髒,脏,33099
1477,棒,,33027
1478,塔,,33007
1479,駕,驾,33005
1480,贏,赢,33002
1481,悉,,32976
1482,穆,,32972
1483,抵,,32934
1484,糊,,32901
1485,碩,硕,32841
1486,熊,,32690
1487,吳,吴,32682
1488,袋,,32623
1489,縣,县,32617
1490,液,,32580
1491,洞,,32466
1492,煉,炼,32456
1493,鍊,炼,32456
1494,迅,,32426
1495,嚇,吓,32410
1496,郵,邮,32377
1497,喊,,32376
1498,奏,,32369
1499,啦,,32360
1500,籃,篮,32331
1501,森,,32281
1502,朗,,32184
1503,衡,,32173
1504,譜,谱,32158
1505,鎮,镇,32125
1506,咱,,32056
1507,酷,,32031
1508,脂,,32029
1509,妙,,31921
1510,碎,,31911
1511,焦,,31827
1512,剪,,31766
1513,盜,盗,31735
1514,姨,,31698
1515,蜜,,31689
1516,訊,讯,31651
1517,虎,,31605
1518,緩,缓,31569
1519,扣,,31539
1520,釦,扣,31539
1521,仙,,31494
1522,姿,,31478
1523,輔,辅,31459
1524,船,,31367
1525,欣,,31319
1526,洛,,31301
1527,垃,,31278
1528,閃,闪,31251
1529,猶,犹,31154
1530,娛,娱,31147
1531,矛,,31104
1532,孕,,31081
1533,灰,,31019
1534,橫,横,31007
1535,宋,,31005
1536,耗,,30995
1537,歧,,30843
1538,尖,,30815
1539,顆,颗,30798
1540,疾,,30762
1541,賞,赏,30627
1542,彼,,30599
1543,掃,扫,30552
1544,郭,,30531
1545,毀,毁,30530
1546,燬,毁,30530
1547,嘲,,30466
1548,爹,,30373
1549,填,,30325
1550,盛,,30323
1551,奔,,30296
1552,障,,30254
1553,谷,,30204
1554,穀,谷,30204
1555,咨,,30118
1556,諮,咨,30118
1557,掙,挣,30045
1558,偽,伪,29957
1559,鋪,铺,29923
1560,植,,29807
1561,逛,,29793
1562,輛,辆,29662
1563,淺,浅,29539
1564,魅,,29489
1565,逆,,29447
1566,爬,,29401
1567,屋,,29318
1568,潤,润,29277
1569,殊,,29227
1570,峰,,29210
1571,薄,,29195
1572,屆,届,29137
1573,擬,拟,29071
1574,漲,涨,29015
1575,擦,,28980
1576,跨,,28933
1577,鎖,锁,28927
1578,貸,贷,28918
1579,廳,厅,28843
1580,仰,,28680
1581,尷,尴,28652
1582,陷,,28640
1583,姆,,28627
1584,瞎,,28598
1585,拔,,28590
1586,襲,袭,28553
1587,浮,,28538
1588,辭,辞,28361
1589,祝,,28345
1590,乳,,28340
1591,允,,28339
1592,遞,递,28313
1593,撞,,28216
1594,冊,册,28192
1595,擴,扩,28176
1596,瑪,玛,28149
1597,阻,,28131
1598,梅,,28085
1599,瓜,,28059
1600,濃,浓,27966
1601,孔,,27963
1602,珍,,27911
1603,挖,,27841
1604,訂,订,27734
1605,晒,,27722
1606,鍛,锻,27708
1607,勵,励,27703
1608,澳,,27694
1609,溼,湿,27651
1610,慘,惨,27627
1611,乘,,27618
1612,滴,,27598
1613,遭,,27552
1614,尿,,27543
1615,咬,,27471
1616,添,,27413
1617,啪,,27387
1618,幅,,27385
1619,刑,,27304
1620,氾,泛,27295
1621,泛,,27295
1622,貧,贫,27293
1623,曼,,27250
1624,督,,27236
1625,鳥,鸟,27220
1626,扔,,27197
1627,鑑,鉴,27176
1628,鑒,鉴,27176
1629,撒,,27164
1630,飾,饰,27097
1631,珠,,27070
1632,勤,,27020
1633,肚,,27014
1634,罷,罢,26998
1635,揚,扬,26937
1636,暑,,26923
1637,踏,,26861
1638,艾,,26796
1639,腹,,26736
1640,撐,撑,26710
1641,汙,污,26591
1642,循,,26510
1643,烏,乌,26486
1644,胎,,26471
1645,拆,,26459
1646,映,,26457
1647,怨,,26321
1648,櫃,柜,26285
1649,涼,凉,26281
1650,帖,,26272
1651,塑,,26266
1652,仁,,26222
1653,膽,胆,26063
1654,菲,,26006
1655,橋,桥,25999
1656,嫁,,25988
1657,腐,,25958
1658,戒,,25936
1659,瑞,,25839
1660,夾,夹,25776
1661,盟,,25747
1662,躺,,25718
1663,醉,,25707
1664,廚,厨,25704
1665,陌,,25670
1666,嘛,,25645
1667,晨,,25642
1668,勸,劝,25618
1669,皆,,25540
1670,鹿,,25497
1671,萊,莱,25495
1672,框,,25474
1673,械,,25402
1674,勒,,25375
1675,梁,,25361
1676,籍,,25307
1677,廁,厕,25285
1678,紛,纷,25206
1679,塗,涂,25161
1680,忠,,25103
1681,奈,,25062
1682,賴,赖,25054
1683,寵,宠,24979
1684,羞,,24971
1685,呢,,24953
1686,伸,,24933
1687,裁,,24900
1688,軌,轨,24816
1689,儀,仪,24813
1690,肩,,24808
1691,勁,劲,24781
1692,俠,侠,24725
1693,凌,,24713
1694,粹,,24694
1695,甘,,24685
1696,紋,纹,24663
1697,糟,,24657
1698,妥,,24630
1699,崩,,24629
1700,艦,舰,24595
1701,丹,,24564
1702,趨,趋,24553
1703,悟,,24460
1704,痘,,24459
1705,魂,,24448
1706,秦,,24394
1707,墨,,24380
1708,烤,,24358
1709,碗,,24326
1710,診,诊,24254
1711,憤,愤,24212
1712,膜,,24199
1713,拳,,24093
1714,遲,迟,24039
1715,湊,凑,24007
1716,予,,24005
1717,繞,绕,23991
1718,鼠,,23965
1719,傲,,23928
1720,謀,谋,23921
1721,奪,夺,23726
1722,胞,,23724
1723,番,,23693
1724,悠,,23651
1725,稀,,23622
1726,啡,,23568
1727,牽,牵,23522
1728,朱,,23511
1729,硃,朱,23511
1730,喬,乔,23476
1731,醬,酱,23475
1732,逗,,23472
1733,乃,,23463
1734,津,,23361
1735,紫,,23337
1736,繪,绘,23293
1737,倍,,23274
1738,彎,弯,23267
1739,崇,,23241
1740,旋,,23215
1741,曉,晓,23210
1742,池,,23207
1743,娃,,23201
1744,玻,,23178
1745,壯,壮,23162
1746,尸,,23160
1747,屍,尸,23160
1748,慕,,23108
1749,擠,挤,23072
1750,儲,储,23029
1751,跡,迹,22866
1752,嘉,,22855
1753,壇,坛,22830
1754,罈,坛,22830
1755,狼,,22745
1756,姻,,22727
1757,兔,,22691
1758,泥,,22688
1759,慎,,22677
1760,飽,饱,22646
1761,瀉,泻,22596
1762,獸,兽,22502
1763,膠,胶,22500
1764,凱,凯,22499
1765,圾,,22464
1766,裂,,22461
1767,盾,,22443
1768,熬,,22412
1769,虧,亏,22393
1770,漏,,22385
1771,虫,,22333
1772,蟲,虫,22333
1773,抬,,22310
1774,弔,吊,22285
1775,吊,,22285
1776,擾,扰,22147
1777,荒,,22111
1778,尺,,22097
1779,鄭,郑,22081
1780,眉,,22055
1781,徐,,21992
1782,聘,,21985
1783,餓,饿,21978
1784,縱,纵,21972
1785,佩,,21925
1786,獵,猎,21898
1787,斤,,21887
1788,戚,,21862
1789,慼,戚,21862
1790,怖,,21836
1791,盈,,21728
1792,閨,闺,21645
1793,覽,览,21640
1794,諷,讽,21607
1795,席,,21598
1796,蓆,席,21598
1797,鑽,钻,21533
1798,鄙,,21508
1799,癌,,21437
1800,庸,,21400
1801,悔,,21359
1802,賓,宾,21356
1803,胃,,21312
1804,寢,寝,21255
1805,慰,,21229
1806,砸,,21221
1807,扮,,21191
1808,驅,驱,21150
1809,渠,,21117
1810,曹,,21079
1811,脆,,21071
1812,氛,,21033
1813,宙,,20983
1814,寄,,20978
1815,煮,,20938
1816,賦,赋,20874
1817,脈,脉,20844
1818,裸,,20812
1819,咋,,20791
1820,抖,,20767
1821,勾,,20681
1822,荷,,20665
1823,氧,,20656
1824,氏,,20626
1825,杜,,20566
1826,盒,,20535
1827,摘,,20462
1828,幽,,20450
1829,狠,,20438
1830,汗,,20406
1831,擋,挡,20356
1832,圳,,20344
1833,敲,,20334
1834,徑,径,20292
1835,梯,,20267
1836,腸,肠,20260
1837,覆,,20260
1838,妖,,20254
1839,盆,,20202
1840,炎,,20169
1841,眠,,20134
1842,貪,贪,20114
1843,扭,,20079
1844,寸,,20077
1845,澤,泽,20066
1846,恢,,20024
1847,抹,,19995
1848,帽,,19977
1849,喪,丧,19959
1850,宅,,19950
1851,屈,,19914
1852,踩,,19776
1853,脾,,19743
1854,璃,,19738
1855,燃,,19706
1856,辨,,19680
1857,虐,,19668
1858,邪,,19667
1859,棋,,19568
1860,蠢,,19527
1861,莊,庄,19507
1862,姥,,19499
1863,貢,贡,19431
1864,劣,,19407
1865,鄰,邻,19395
1866,鳳,凤,19385
1867,滋,,19371
1868,呀,,19333
1869,促,,19324
1870,賠,赔,19305
1871,卓,,19248
1872,井,,19205
1873,債,债,19182
1874,歪,,19063
1875,盲,,19032
1876,仇,,19011
1877,奉,,19007
1878,騷,骚,18953
1879,朵,,18928
1880,欠,,18848
1881,磚,砖,18825
1882,綁,绑,18815
1883,卑,,18743
1884,瓣,,18738
1885,疆,,18735
1886,奸,,18722
1887,姦,奸,18722
1888,謹,谨,18660
1889,錘,锤,18658
1890,翼,,18642
1891,飄,飘,18614
1892,餅,饼,18599
1893,躲,,18595
1894,坡,,18590
1895,踐,践,18556
1896,猛,,18544
1897,鋒,锋,18524
1898,耀,,18490
1899,貿,贸,18454
1900,憂,忧,18417
1901,窩,窝,18415
1902,哎,,18355
1903,衰,,18351
1904,桃,,18349
1905,嬌,娇,18342
1906,裙,,18300
1907,摔,,18284
1908,劑,剂,18283
1909,壽,寿,18244
1910,返,,18198
1911,甩,,18163
1912,捷,,18159
1913,誕,诞,18139
1914,浙,,18123
1915,炫,,18107
1916,踢,,18092
1917,榜,,18088
1918,稿,,18034
1919,耍,,18021
1920,攤,摊,18012
1921,羽,,18011
1922,腔,,17932
1923,賭,赌,17884
1924,罰,罚,17808
1925,沿,,17805
1926,堪,,17766
1927,羨,羡,17679
1928,丈,,17676
1929,杭,,17668
1930,豔,艳,17649
1931,惠,,17647
1932,辱,,17581
1933,哦,,17553
1934,喂,,17479
1935,餵,喂,17479
1936,尬,,17467
1937,磁,,17443
1938,齒,齿,17416
1939,串,,17394
1940,函,,17389
1941,愚,,17366
1942,諒,谅,17358
1943,埋,,17307
1944,跌,,17286
1945,奴,,17283
1946,蕩,荡,17259
1947,盪,荡,17259
1948,臭,,17252
1949,殖,,17208
1950,宏,,17203
1951,撲,扑,17189
1952,遙,遥,17184
1953,悶,闷,17168
1954,恥,耻,17043
1955,跪,,17018
1956,欄,栏,16910
1957,賊,贼,16823
1958,券,,16821
1959,躍,跃,16819
1960,伏,,16817
1961,恆,恒,16817
1962,糧,粮,16793
1963,援,,16755
1964,舌,,16748
1965,岸,,16736
1966,掏,,16729
1967,寂,,16687
1968,礙,碍,16682
1969,忌,,16655
1970,乖,,16624
1971,赤,,16617
1972,勉,,16598
1973,糕,,16571
1974,瓦,,16567
1975,愉,,16529
1976,擅,,16522
1977,肅,肃,16497
1978,泄,,16495
1979,郎,,16464
1980,娜,,16455
1981,扶,,16446
1982,倉,仓,16415
1983,玄,,16404
1984,渴,,16402
1985,艱,艰,16379
1986,瀏,浏,16339
1987,掩,,16325
1988,屎,,16298
1989,屠,,16280
1990,傅,,16278
1991,敘,叙,16275
1992,脣,唇,16262
1993,霧,雾,16238
1994,桿,杆,16190
1995,媳,,16184
1996,嘆,叹,16178
1997,懸,悬,16127
1998,砍,,16123
1999,顛,颠,16094
2000,捧,,16080
2001,猴,,16055
2002,鹽,盐,16037
2003,遮,,16033
2004,趁,,15979
2005,惑,,15946
2006,憐,怜,15893
2007,菌,,15860
2008,泳,,15852
2009,遷,迁,15772
2010,箭,,15761
2011,匹,,15757
2012,蘿,萝,15734
2013,邦,,15726
2014,催,,15724
2015,災,灾,15721
2016,謠,谣,15683
2017,誘,诱,15640
2018,暢,畅,15631
2019,隆,,15626
2020,粒,,15585
2021,卸,,15571
2022,慧,,15566
2023,塵,尘,15559
2024,嗎,吗,15553
2025,渾,浑,15549
2026,撿,捡,15507
2027,俱,,15431
2028,懼,惧,15431
2029,凶,,15397
2030,兇,凶,15397
2031,駛,驶,15394
2032,疊,叠,15385
2033,殼,壳,15319
2034,貫,贯,15274
2035,泉,,15266
2036,腫,肿,15213
2037,勿,,15195
2038,葩,,15167
2039,吾,,15147
2040,獄,狱,15141
2041,茫,,15114
2042,爐,炉,15113
2043,矯,矫,15107
2044,愈,,15062
2045,癒,愈,15062
2046,澡,,15034
2047,襯,衬,14985
2048,蒸,,14978
2049,役,,14927
2050,蹲,,14835
2051,浩,,14828
2052,遵,,14822
2053,黎,,14787
2054,挨,,14735
2055,捱,挨,14735
2056,臣,,14731
2057,舅,,14707
2058,堵,,14692
2059,詹,,14649
2060,淫,,14624
2061,桶,,14620
2062,奢,,14608
2063,侶,侣,14578
2064,廉,,14548
2065,涯,,14527
2066,卵,,14525
2067,溜,,14519
2068,吻,,14480
2069,膩,腻,14454
2070,灌,,14449
2071,葡,,14442
2072,歉,,14437
2073,赫,,14429
2074,晉,晋,14386
2075,墊,垫,14360
2076,譽,誉,14350
2077,懵,,14342
2078,霍,,14322
2079,輿,舆,14321
2080,御,,14271
2081,禦,御,14271
2082,頗,颇,14250
2083,汪,,14242
2084,洪,,14230
2085,礦,矿,14201
2086,紐,纽,14170
2087,嘿,,14161
2088,攜,携,14143
2089,悅,悦,14095
2090,埃,,14066
2091,謙,谦,14013
2092,轟,轰,14008
2093,拾,,13996
2094,蒼,苍,13967
2095,振,,13947
2096,肝,,13910
2097,鄧,邓,13894
2098,疲,,13889
2099,娶,,13857
2100,犧,牺,13857
2101,叛,,13855
2102,伍,,13823
2103,貶,贬,13805
2104,召,,13790
2105,燕,,13789
2106,晰,,13780
2107,晶,,13767
2108,涵,,13718
2109,淋,,13711
2110,膝,,13669
2111,縫,缝,13639
2112,渡,,13636
2113,撩,,13615
2114,彌,弥,13613
2115,瀰,弥,13613
2116,遜,逊,13607
2117,莉,,13572
2118,凍,冻,13520
2119,悄,,13492
2120,痴,,13454
2121,朴,,13429
2122,樸,朴,13429
2123,竹,,13426
2124,鴨,鸭,13422
2125,蔣,蒋,13383
2126,鳴,鸣,13354
2127,孝,,13352
2128,呈,,13347
2129,驕,骄,13325
2130,昏,,13287
2131,賈,贾,13285
2132,蛇,,13275
2133,耶,,13264
2134,肺,,13258
2135,慈,,13248
2136,盯,,13221
2137,昆,,13212
2138,崑,昆,13212
2139,償,偿,13208
2140,妄,,13199
2141,綱,纲,13198
2142,董,,13197
2143,斥,,13156
2144,疫,,13144
2145,契,,13109
2146,垂,,13069
2147,葛,,13047
2148,凝,,13040
2149,頸,颈,13036
2150,輝,辉,13030
2151,魏,,12997
2152,狐,,12968
2153,巾,,12931
2154,棉,,12916
2155,汁,,12883
2156,剝,剥,12856
2157,乙,,12846
2158,址,,12779
2159,椅,,12774
2160,籌,筹,12767
2161,灑,洒,12738
2162,措,,12719
2163,俊,,12718
2164,蓮,莲,12708
2165,臂,,12700
2166,賢,贤,12627
2167,嗯,,12586
2168,牲,,12579
2169,堡,,12549
2170,妨,,12535
2171,拓,,12525
2172,脖,,12523
2173,嬰,婴,12496
2174,濾,滤,12487
2175,哀,,12457
2176,纏,缠,12436
2177,哄,,12432
2178,鬨,哄,12432
2179,暈,晕,12431
2180,疏,,12418
2181,柯,,12409
2182,惹,,12404
2183,賤,贱,12389
2184,弗,,12365
2185,潰,溃,12361
2186,柱,,12323
2187,叉,,12292
2188,豫,,12283
2189,扇,,12276
2190,廈,厦,12270
2191,萄,,12268
2192,蒂,,12265
2193,桑,,12245
2194,沈,,12228
2195,瀋,沈,12228
2196,邁,迈,12171
2197,夕,,12167
2198,煎,,12159
2199,錦,锦,12159
2200,彫,雕,12094
2201,雕,,12094
2202,捐,,12072
2203,浴,,12066
2204,蟹,,12022
2205,巔,巅,11993
2206,袖,,11982
2207,沾,,11975
2208,霑,沾,11975
2209,寺,,11974
2210,蜂,,11947
2211,臘,腊,11850
2212,籠,笼,11837
2213,潑,泼,11835
2214,芝,,11829
2215,軸,轴,11804
2216,柴,,11779
2217,矩,,11740
2218,牢,,11734
2219,姜,,11729
2220,薑,姜,11729
2221,龐,庞,11713
2222,侯,,11692
2223,睜,睁,11680
2224,岳,,11673
2225,嶽,岳,11673
2226,駁,驳,11604
2227,揭,,11577
2228,晃,,11573
2229,逢,,11562
2230,嘻,,11559
2231,駐,驻,11521
2232,捕,,11512
2233,撥,拨,11490
2234,戳,,11488
2235,禍,祸,11437
2236,肪,,11434
2237,挽,,11419
2238,輓,挽,11419
2239,吞,,11406
2240,勃,,11374
2241,恭,,11350
2242,陶,,11324
2243,粵,粤,11321
2244,披,,11316
2245,矮,,11313
2246,扒,,11301
2247,毅,,11262
2248,犬,,11257
2249,愧,,11237
2250,釣,钓,11193
2251,椒,,11181
2252,罐,,11180
2253,撫,抚,11162
2254,墓,,11156
2255,撤,,11136
2256,狹,狭,11126
2257,削,,11124
2258,斜,,11108
2259,喚,唤,11073
2260,燙,烫,11056
2261,蔡,,11050
2262,柏,,11049
2263,漠,,11041
2264,碑,,11034
2265,闊,阔,11026
2266,柳,,10996
2267,弦,,10995
2268,絃,弦,10995
2269,昂,,10964
2270,痕,,10943
2271,蝦,虾,10915
2272,沃,,10883
2273,捏,,10879
2274,刮,,10877
2275,颳,刮,10877
2276,丫,,10864
2277,劫,,10859
2278,曝,,10856
2279,瑟,,10790
2280,牧,,10751
2281,腎,肾,10744
2282,囊,,10713
2283,綿,绵,10705
2284,諧,谐,10700
2285,袁,,10670
2286,咸,,10649
2287,鹹,咸,10649
2288,敦,,10597
2289,衷,,10581
2290,仗,,10562
2291,盧,卢,10559
2292,碧,,10554
2293,捉,,10544
2294,咳,,10512
2295,咪,,10490
2296,啤,,10484
2297,刊,,10482
2298,販,贩,10473
2299,槓,杠,10456
2300,丸,,10452
2301,枯,,10428
2302,儒,,10418
2303,巡,,10397
2304,檻,槛,10378
2305,哇,,10376
2306,旺,,10364
2307,舔,,10348
2308,櫻,樱,10322
2309,僧,,10313
2310,趴,,10295
2311,銅,铜,10269
2312,碳,,10231
2313,昧,,10217
2314,瓷,,10194
2315,蔽,,10192
2316,肢,,10162
2317,岩,,10098
2318,巖,岩,10098
2319,掘,,10082
2320,瑣,琐,10073
2321,帳,帐,10063
2322,躁,,10040
2323,匆,,10026
2324,筋,,10002
2325,蕭,萧,9944
2326,脅,胁,9921
2327,襪,袜,9919
2328,弊,,9918
2329,攔,拦,9916
2330,衍,,9907
2331,纖,纤,9907
2332,梳,,9904
2333,押,,9894
2334,鈴,铃,9891
2335,膏,,9859
2336,僵,,9836
2337,霜,,9829
2338,腺,,9821
2339,棍,,9784
2340,卜,,9782
2341,蔔,卜,9782
2342,椎,,9775
2343,塌,,9763
2344,煤,,9762
2345,苗,,9761
2346,昌,,9735
2347,馳,驰,9721
2348,獅,狮,9715
2349,剎,刹,9683
2350,拐,,9672
2351,枴,拐,9672
2352,芬,,9663
2353,孟,,9647
2354,螺,,9640
2355,帕,,9625
2356,吼,,9623
2357,鵝,鹅,9617
2358,枝,,9609
2359,揣,,9609
2360,輻,辐,9598
2361,憾,,9567
2362,蔬,,9523
2363,嫉,,9502
2364,玫,,9425
2365,釐,厘,9411
2366,爵,,9404
2367,浸,,9399
2368,畏,,9387
2369,拯,,9375
2370,剖,,9363
2371,捂,,9337
2372,蹦,,9323
2373,豈,岂,9317
2374,笨,,9310
2375,斑,,9279
2376,衫,,9278
2377,侮,,9249
2378,祭,,9234
2379,徽,,9225
2380,歹,,9223
2381,韋,韦,9185
2382,佬,,9167
2383,惱,恼,9147
2384,耽,,9132
2385,篩,筛,9085
2386,膀,,9075
2387,氓,,9071
2388,馮,冯,9034
2389,瑜,,9030
2390,濫,滥,9024
2391,禪,禅,9019
2392,栗,,9013
2393,慄,栗,9013
2394,蹈,,9012
2395,肆,,9007
2396,菩,,8967
2397,稚,,8957
2398,梗,,8932
2399,罩,,8914
2400,慌,,8908
2401,遼,辽,8883
2402,飢,饥,8865
2403,饑,饥,8865
2404,湧,涌,8852
2405,廷,,8846
2406,嫩,,8824
2407,銳,锐,8788
2408,侃,,8778
2409,肖,,8776
2410,藤,,8767
2411,枕,,8756
2412,愁,,8733
2413,泌,,8722
2414,芳,,8715
2415,寡,,8713
2416,薇,,8708
2417,詐,诈,8662
2418,繩,绳,8656
2419,裔,,8643
2420,崛,,8632
2421,淪,沦,8621
2422,瞧,,8620
2423,佐,,8618
2424,懲,惩,8571
2425,黛,,8563
2426,莎,,8557
2427,鑰,钥,8551
2428,叨,,8502
2429,枚,,8500
2430,雇,,8498
2431,僱,雇,8498
2432,斬,斩,8471
2433,辜,,8466
2434,墮,堕,8465
2435,韻,韵,8464
2436,桂,,8463
2437,翹,翘,8455
2438,偵,侦,8449
2439,挫,,8437
2440,憲,宪,8434
2441,癮,瘾,8420
2442,陵,,8415
2443,妮,,8357
2444,鼎,,8354
2445,寨,,8351
2446,撈,捞,8336
2447,侈,,8333
2448,薛,,8318
2449,菊,,8310
2450,碾,,8308
2451,翔,,8301
2452,裹,,8293
2453,兮,,8271
2454,遂,,8266
2455,曖,暧,8263
2456,寞,,8228
2457,鴻,鸿,8221
2458,霉,,8199
2459,黴,霉,8199
2460,脊,,8184
2461,蕾,,8184
2462,卦,,8179
2463,擎,,8170
2464,竊,窃,8142
2465,慨,,8123
2466,闖,闯,8120
2467,誓,,8109
2468,蔥,葱,8099
2469,闡,阐,8077
2470,嗓,,8076
2471,宵,,8044
2472,靖,,8044
2473,蓄,,8032
2474,謊,谎,8031
2475,歇,,8022
2476,舟,,8020
2477,夷,,7970
2478,巫,,7963
2479,祥,,7963
2480,扛,,7956
2481,絨,绒,7942
2482,沫,,7937
2483,驟,骤,7917
2484,攪,搅,7907
2485,贈,赠,7897
2486,仲,,7890
2487,拌,,7877
2488,晴,,7875
2489,呂,吕,7860
2490,濱,滨,7857
2491,熙,,7836
2492,猥,,7832
2493,伐,,7814
2494,噪,,7813
2495,俺,,7808
2496,崔,,7788
2497,龜,龟,7754
2498,傘,伞,7751
2499,趟,,7733
2500,蚊,,7729
2501,弓,,7689
2502,愣,,7684
2503,兜,,7662
2504,癢,痒,7662
2505,燥,,7656
2506,脹,胀,7625
2507,蹤,踪,7595
2508,爪,,7584
2509,紗,纱,7563
2510,玲,,7559
2511,溢,,7543
2512,妒,,7539
2513,逸,,7518
2514,敷,,7512
2515,壟,垄,7489
2516,匪,,7482
2517,蓉,,7475
2518,喻,,7470
2519,扁,,7464
2520,噩,,7458
2521,澀,涩,7449
2522,戈,,7447
2523,釘,钉,7420
2524,茲,兹,7409
2525,瑰,,7407
2526,琢,,7373
2527,裕,,7372
2528,詭,诡,7368
2529,酬,,7360
2530,芒,,7341
2531,茄,,7314
2532,陀,,7312
2533,秩,,7312
2534,屑,,7304
2535,瘤,,7304
2536,漆,,7293
2537,譬,,7270
2538,浦,,7267
2539,郊,,7260
2540,攀,,7255
2541,葬,,7233
2542,汰,,7229
2543,逝,,7214
2544,溶,,7170
2545,廟,庙,7152
2546,雀,,7133
2547,隸,隶,7107
2548,搏,,7086
2549,廂,厢,7079
2550,署,,7058
2551,磕,,7048
2552,穎,颖,7048
2553,婊,,7041
2554,丘,,7040
2555,辟,,7031
2556,闢,辟,7031
2557,陝,陕,7030
2558,伽,,7028
2559,臀,,7026
2560,湘,,7015
2561,凰,,7014
2562,兌,兑,7002
2563,哼,,6997
2564,劈,,6972
2565,潘,,6969
2566,撼,,6964
2567,姚,,6955
2568,罕,,6950
2569,筒,,6946
2570,蝶,,6939
2571,俯,,6930
2572,寓,,6922
2573,挪,,6889
2574,膨,,6874
2575,錫,锡,6871
2576,胳,,6867
2577,宰,,6856
2578,拘,,6845
2579,啃,,6825
2580,姬,,6822
2581,咒,,6814
2582,澱,淀,6806
2583,媚,,6791
2584,虹,,6789
2585,巷,,6773
2586,灘,滩,6773
2587,亭,,6769
2588,砂,,6749
2589,淵,渊,6722
2590,赴,,6701
2591,啞,哑,6688
2592,鷹,鹰,6678
2593,叢,丛,6671
2594,渲,,6649
2595,曰,,6641
2596,閣,阁,6620
2597,豎,竖,6620
2598,乞,,6586
2599,餃,饺,6583
2600,苟,,6578
2601,甄,,6578
2602,凸,,6566
2603,屢,屡,6545
2604,棟,栋,6530
2605,漁,渔,6530
2606,梨,,6529
2607,蒜,,6495
2608,醋,,6490
2609,冤,,6489
2610,揉,,6463
2611,婉,,6434
2612,彭,,6431
2613,募,,6428
2614,慫,怂,6414
2615,顫,颤,6413
2616,履,,6407
2617,贅,赘,6392
2618,蠟,蜡,6376
2619,稻,,6358
2620,黏,,6343
2621,喉,,6339
2622,嗚,呜,6334
2623,嘩,哗,6330
2624,譁,哗,6330
2625,鉛,铅,6328
2626,燦,灿,6326
2627,沸,,6305
2628,畜,,6293
2629,賀,贺,6292
2630,冥,,6291
2631,墜,坠,6291
2632,乒,,6259
2633,坊,,6252
2634,剃,,6232
2635,瀟,潇,6223
2636,昭,,6219
2637,橙,,6212
2638,漿,浆,6202
2639,咽,,6199
2640,嚥,咽,6199
2641,蘆,芦,6194
2642,饅,馒,6167
2643,滲,渗,6149
2644,嚷,,6138
2645,韌,韧,6101
2646,摧,,6086
2647,搓,,6062
2648,盼,,6060
2649,濤,涛,6055
2650,軒,轩,6048
2651,嶺,岭,6044
2652,驢,驴,6043
2653,腕,,6040
2654,耕,,5987
2655,蜀,,5977
2656,滬,沪,5967
2657,匙,,5950
2658,勻,匀,5926
2659,揍,,5923
2660,喘,,5921
2661,壺,壶,5920
2662,澄,,5902
2663,嗨,,5886
2664,烘,,5839
2665,薯,,5825
2666,廊,,5805
2667,猩,,5805
2668,窄,,5796
2669,筷,,5781
2670,殿,,5754
2671,匠,,5752
2672,嚼,,5731
2673,遣,,5727
2674,嚶,嘤,5719
2675,蟻,蚁,5714
2676,妃,,5713
2677,嫖,,5712
2678,橡,,5701
2679,耿,,5700
2680,煽,,5696
2681,拎,,5691
2682,寥,,5678
2683,鴉,鸦,5676
2684,恕,,5665
2685,琳,,5657
2686,惶,,5654
2687,皂,,5653
2688,恍,,5641
2689,奕,,5638
2690,皺,皱,5638
2691,倡,,5627
2692,誼,谊,5623
2693,翅,,5616
2694,膊,,5614
2695,鞭,,5586
2696,辰,,5576
2697,蛤,,5547
2698,陋,,5538
2699,頒,颁,5522
2700,泊,,5521
2701,銘,铭,5518
2702,佣,,5495
2703,傭,佣,5495
2704,訝,讶,5446
2705,榨,,5444
2706,碌,,5438
2707,凳,,5434
2708,螞,蚂,5429
2709,宴,,5394
2710,掀,,5391
2711,釀,酿,5383
2712,淮,,5358
2713,霾,,5345
2714,艇,,5338
2715,橘,,5338
2716,畸,,5334
2717,瞞,瞒,5317
2718,艙,舱,5313
2719,芙,,5312
2720,艘,,5310
2721,傍,,5306
2722,塢,坞,5300
2723,腥,,5289
2724,苛,,5286
2725,蓬,,5262
2726,瞄,,5251
2727,妞,,5250
2728,蛙,,5248
2729,莓,,5246
2730,搗,捣,5224
2731,滯,滞,5219
2732,噓,嘘,5198
2733,嘟,,5196
2734,旨,,5195
2735,欽,钦,5149
2736,豹,,5144
2737,糙,,5132
2738,杉,,5119
2739,唧,,5119
2740,缸,,5116
2741,淹,,5114
2742,貞,贞,5108
2743,澆,浇,5106
2744,嘮,唠,5100
2745,瑕,,5097
2746,刃,,5096
2747,荊,荆,5087
2748,嵌,,5067
2749,粥,,5065
2750,燉,炖,5055
2751,坎,,5052
2752,誦,诵,5051
2753,霞,,5050
2754,拽,,5048
2755,氫,氢,5039
2756,芭,,5027
2757,煌,,5027
2758,酵,,5017
2759,吟,,5016
2760,穴,,5004
2761,撇,,4985
2762,噸,吨,4978
2763,駝,驼,4973
2764,猿,,4972
2765,捆,,4971
2766,綑,捆,4971
2767,彥,彦,4968
2768,茅,,4951
2769,妓,,4945
2770,懦,,4934
2771,蝙,,4929
2772,轄,辖,4921
2773,蛛,,4913
2774,鵬,鹏,4906
2775,睫,,4904
2776,鉤,钩,4894
2777,頑,顽,4894
2778,滄,沧,4893
2779,溪,,4893
2780,峽,峡,4888
2781,緬,缅,4888
2782,燻,熏,4878
2783,烹,,4854
2784,慚,惭,4853
2785,狸,,4852
2786,帆,,4831
2787,帘,,4822
2788,嫂,,4822
2789,簾,帘,4822
2790,勛,勋,4812
2791,髓,,4808
2792,譴,谴,4796
2793,懇,恳,4794
2794,梵,,4788
2795,翠,,4776
2796,拙,,4771
2797,鞠,,4766
2798,囂,嚣,4760
2799,塘,,4748
2800,棵,,4734
2801,譚,谭,4730
2802,祈,,4728
2803,訕,讪,4721
2804,榴,,4720
2805,翰,,4711
2806,嘖,啧,4708
2807,墳,坟,4701
2808,棚,,4694
2809,瞪,,4692
2810,氨,,4690
2811,碟,,4678
2812,癱,瘫,4659
2813,咕,,4657
2814,蝠,,4650
2815,擱,搁,4635
2816,嗷,,4626
2817,乓,,4609
2818,紳,绅,4608
2819,僚,,4605
2820,撓,挠,4604
2821,鶴,鹤,4593
2822,笛,,4573
2823,叮,,4562
2824,銜,衔,4543
2825,蝴,,4539
2826,乍,,4531
2827,謬,谬,4531
2828,卿,,4522
2829,糞,粪,4515
2830,饒,饶,4505
2831,喇,,4503
2832,枉,,4498
2833,哨,,4497
2834,頌,颂,4490
2835,倦,,4483
2836,閥,阀,4480
2837,弈,,4477
2838,魄,,4474
2839,溺,,4465
2840,巢,,4460
2841,毋,,4456
2842,斧,,4443
2843,匈,,4439
2844,酥,,4439
2845,吶,呐,4434
2846,翁,,4424
2847,賜,赐,4400
2848,睹,,4386
2849,檸,柠,4386
2850,溯,,4381
2851,繹,绎,4365
2852,霆,,4362
2853,怡,,4340
2854,杏,,4325
2855,雌,,4317
2856,咯,,4311
2857,囉,啰,4308
2858,蘑,,4294
2859,撰,,4280
2860,窺,窥,4280
2861,蠅,蝇,4274
2862,棗,枣,4269
2863,暮,,4264
2864,垮,,4257
2865,崎,,4247
2866,磊,,4247
2867,悽,凄,4228
2868,淒,凄,4228
2869,馨,,4224
2870,琪,,4185
2871,竭,,4182
2872,蜘,,4180
2873,犀,,4179
2874,漱,,4177
2875,兢,,4170
2876,疤,,4169
2877,蘊,蕴,4159
2878,兆,,4149
2879,渦,涡,4146
2880,揪,,4138
2881,癖,,4134
2882,岡,冈,4128
2883,倚,,4118
2884,惟,,4115
2885,剔,,4101
2886,肛,,4099
2887,摯,挚,4099
2888,袍,,4090
2889,汕,,4073
2890,熄,,4052
2891,芽,,4040
2892,飼,饲,4038
2893,甸,,4037
2894,珊,,4014
2895,伺,,4007
2896,壤,,3989
2897,擰,拧,3981
2898,僻,,3974
2899,剷,铲,3962
2900,鏟,铲,3962
2901,鈔,钞,3959
2902,囑,嘱,3952
2903,嗦,,3948
2904,殷,,3947
2905,渺,,3940
2906,炭,,3939
2907,繡,绣,3919
2908,哺,,3911
2909,侍,,3909
2910,醇,,3908
2911,瓊,琼,3900
2912,昔,,3895
2913,斂,敛,3886
2914,竇,窦,3879
2915,禿,秃,3878
2916,婷,,3868
2917,幀,帧,3867
2918,蕉,,3864
2919,仆,,3854
2920,僕,仆,3854
2921,隙,,3845
2922,軀,躯,3843
2923,棧,栈,3833
2924,穌,稣,3827
2925,侖,仑,3819
2926,崙,仑,3819
2927,謎,谜,3819
2928,掠,,3816
2929,崖,,3807
2930,凹,,3804
2931,沐,,3802
2932,泣,,3789
2933,倘,,3789
2934,喲,哟,3788
2935,詮,诠,3779
2936,戾,,3771
2937,鋁,铝,3766
2938,琅,,3765
2939,逮,,3753
2940,囚,,3742
2941,訟,讼,3742
2942,硫,,3736
2943,萎,,3735
2944,矢,,3732
2945,贖,赎,3730
2946,郡,,3720
2947,煞,,3691
2948,秉,,3678
2949,柄,,3675
2950,轎,轿,3674
2951,餡,馅,3672
2952,嘰,叽,3667
2953,惰,,3655
2954,蔑,,3649
2955,斃,毙,3640
2956,鹼,碱,3632
2957,弧,,3630
2958,嘔,呕,3625
2959,毆,殴,3623
2960,悍,,3621
2961,誅,诛,3620
2962,丙,,3613
2963,迭,,3613
2964,絮,,3612
2965,肋,,3610
2966,棕,,3607
2967,弘,,3605
2968,竅,窍,3604
2969,攏,拢,3599
2970,訣,诀,3589
2971,豁,,3589
2972,抒,,3580
2973,燭,烛,3568
2974,檬,,3558
2975,逍,,3554
2976,靴,,3553
2977,摟,搂,3552
2978,剁,,3543
2979,淇,,3542
2980,奠,,3527
2981,丐,,3518
2982,絞,绞,3518
2983,鞏,巩,3513
2984,菠,,3510
2985,栽,,3503
2986,蠍,蝎,3500
2987,汝,,3498
2988,亨,,3487
2989,茂,,3487
2990,敞,,3484
2991,吁,,3478
2992,籲,吁,3478
2993,攬,揽,3476
2994,嚕,噜,3468
2995,涕,,3464
2996,瘡,疮,3463
2997,嘎,,3460
2998,拇,,3452
2999,睿,,3452
3000,鮑,鲍,3449
3001,麟,,3448
3002,襄,,3441
3003,喧,,3434
3004,唾,,3432
3005,刁,,3431
3006,俘,,3430
3007,羈,羁,3430
3008,臆,,3421
3009,葫,,3407
3010,頹,颓,3401
3011,懈,,3397
3012,鏽,锈,3397
3013,禽,,3396
3014,瀾,澜,3391
3015,鯨,鲸,3386
3016,稜,棱,3372
3017,柿,,3369
3018,桐,,3348
3019,菱,,3338
3020,彪,,3331
3021,卹,恤,3326
3022,恤,,3326
3023,焰,,3324
3024,鈕,钮,3318
3025,踹,,3300
3026,鈣,钙,3299
3027,毯,,3292
3028,匱,匮,3290
3029,嗅,,3283
3030,褒,,3282
3031,綽,绰,3271
3032,祁,,3267
3033,瞳,,3265
3034,椰,,3258
3035,縛,缚,3255
3036,魁,,3252
3037,橄,,3251
3038,諱,讳,3249
3039,狄,,3248
3040,怯,,3231
3041,糯,,3226
3042,絆,绊,3219
3043,齋,斋,3219
3044,梭,,3212
3045,狙,,3211
3046,楷,,3205
3047,淳,,3204
3048,輒,辄,3204
3049,憧,,3203
3050,瑩,莹,3203
3051,噱,,3203
3052,迦,,3200
3053,拷,,3195
3054,肘,,3183
3055,厥,,3180
3056,晦,,3179
3057,坤,,3178
3058,佑,,3177
3059,靡,,3175
3060,儉,俭,3163
3061,朕,,3160
3062,徘,,3152
3063,屯,,3149
3064,鴿,鸽,3149
3065,淑,,3143
3066,欖,榄,3128
3067,樁,桩,3125
3068,靶,,3115
3069,詛,诅,3087
3070,刨,,3084
3071,唬,,3083
3072,滔,,3083
3073,孰,,3078
3074,旬,,3077
3075,嵩,,3076
3076,醃,腌,3070
3077,隋,,3059
3078,唉,,3057
3079,漓,,3053
3080,馭,驭,3041
3081,錐,锥,3037
3082,焚,,3034
3083,樞,枢,3033
3084,稽,,3032
3085,蹄,,3032
3086,熔,,3022
3087,蟑,,3019
3088,盔,,3014
3089,廝,厮,3013
3090,暇,,3008
3091,曠,旷,3002
3092,抨,,3000
3093,骼,,2998
3094,壘,垒,2991
3095,諜,谍,2981
3096,叼,,2979
3097,淆,,2975
3098,疇,畴,2965
3099,閩,闽,2952
3100,螂,,2944
3101,釵,钗,2937
3102,腮,,2931
3103,渤,,2916
3104,楓,枫,2916
3105,嬸,婶,2914
3106,哩,,2908
3107,紡,纺,2907
3108,喀,,2904
3109,卒,,2901
3110,豚,,2897
3111,鋸,锯,2893
3112,櫥,橱,2892
3113,緯,纬,2879
3114,孜,,2863
3115,嗜,,2862
3116,墅,,2862
3117,蝸,蜗,2856
3118,瑤,瑶,2847
3119,邱,,2844
3120,雯,,2844
3121,趾,,2843
3122,彬,,2833
3123,莞,,2828
3124,棺,,2826
3125,禱,祷,2823
3126,竿,,2819
3127,鑄,铸,2817
3128,咚,,2813
3129,磅,,2810
3130,虔,,2809
3131,楠,,2807
3132,朽,,2789
3133,蟬,蝉,2787
3134,焊,,2781
3135,狡,,2780
3136,隧,,2778
3137,嘯,啸,2776
3138,彰,,2775
3139,灸,,2774
3140,飪,饪,2758
3141,詬,诟,2757
3142,拱,,2743
3143,摹,,2741
3144,繃,绷,2738
3145,吱,,2732
3146,螃,,2731
3147,駿,骏,2724
3148,疚,,2710
3149,隘,,2707
3150,仕,,2702
3151,馴,驯,2700
3152,甫,,2699
3153,迄,,2692
3154,眨,,2691
3155,妾,,2687
3156,賃,赁,2684
3157,灼,,2681
3158,畝,亩,2674
3159,藩,,2660
3160,詆,诋,2656
3161,悖,,2645
3162,癲,癫,2643
3163,凜,凛,2636
3164,輾,辗,2636
3165,莖,茎,2628
3166,詠,咏,2627
3167,濁,浊,2625
3168,褪,,2613
3169,圭,,2598
3170,嬉,,2596
3171,蠶,蚕,2595
3172,惺,,2586
3173,蔓,,2584
3174,雛,雏,2576
3175,雍,,2574
3176,韜,韬,2574
3177,樊,,2571
3178,骯,肮,2567
3179,訛,讹,2559
3180,嗑,,2554
3181,褻,亵,2554
3182,逾,,2552
3183,憊,惫,2551
3184,杖,,2550
3185,嚎,,2548
3186,鑿,凿,2547
3187,埔,,2538
3188,疙,,2536
3189,琊,,2536
3190,竄,窜,2531
3191,雁,,2507
3192,蘸,,2507
3193,叭,,2504
3194,蝕,蚀,2501
3195,痞,,2495
3196,韭,,2494
3197,廓,,2494
3198,俏,,2493
3199,懾,慑,2492
3200,扳,,2486
3201,宛,,2480
3202,璽,玺,2478
3203,尹,,2477
3204,鯊,鲨,2476
3205,箏,筝,2471
3206,蹬,,2469
3207,澎,,2468
3208,哮,,2466
3209,撮,,2462
3210,篡,,2456
3211,辮,辫,2456
3212,株,,2450
3213,旭,,2448
3214,灶,,2448
3215,厄,,2446
3216,倪,,2441
3217,潭,,2441
3218,葷,荤,2440
3219,僥,侥,2440
3220,扼,,2438
3221,聳,耸,2432
3222,詫,诧,2431
3223,棲,栖,2425
3224,踝,,2423
3225,朦,,2419
3226,霓,,2416
3227,瞻,,2413
3228,覓,觅,2412
3229,綴,缀,2408
3230,倩,,2402
3231,焙,,2399
3232,貂,,2398
3233,縷,缕,2397
3234,駱,骆,2388
3235,吝,,2378
3236,秤,,2376
3237,莽,,2375
3238,憚,惮,2375
3239,煥,焕,2372
3240,羯,,2362
3241,棠,,2361
3242,沛,,2360
3243,惕,,2355
3244,栓,,2344
3245,翩,,2342
3246,匡,,2341
3247,憎,,2334
3248,窒,,2326
3249,巍,,2326
3250,葵,,2321
3251,嗤,,2318
3252,燜,焖,2316
3253,沮,,2315
3254,呻,,2309
3255,洶,汹,2297
3256,晝,昼,2296
3257,妍,,2293
3258,哉,,2285
3259,藻,,2282
3260,眷,,2277
3261,誡,诫,2273
3262,氯,,2265
3263,躬,,2264
3264,芥,,2262
3265,悚,,2261
3266,惋,,2259
3267,坪,,2256
3268,頰,颊,2256
3269,倔,,2255
3270,聶,聂,2254
3271,岔,,2253
3272,壩,坝,2248
3273,穢,秽,2245
3274,擲,掷,2238
3275,庇,,2236
3276,萍,,2231
3277,麒,,2224
3278,庚,,2218
3279,賄,贿,2217
3280,冗,,2208
3281,荔,,2207
3282,氮,,2203
3283,嫣,,2201
3284,輟,辍,2198
3285,矜,,2197
3286,憬,,2192
3287,囤,,2191
3288,屜,屉,2191
3289,磯,矶,2191
3290,聾,聋,2191
3291,痰,,2186
3292,慷,,2186
3293,惚,,2184
3294,儂,侬,2175
3295,酌,,2172
3296,勘,,2167
3297,娼,,2153
3298,綻,绽,2152
3299,啼,,2149
3300,閻,阎,2148
3301,胚,,2143
3302,鍍,镀,2143
3303,軾,轼,2140
3304,僑,侨,2138
3305,挾,挟,2134
3306,盞,盏,2133
3307,噢,,2128
3308,砌,,2122
3309,殲,歼,2122
3310,俞,,2121
3311,鈉,钠,2119
3312,翡,,2113
3313,抉,,2112
3314,篷,,2106
3315,阪,,2105
3316,孽,,2103
3317,鱉,鳖,2101
3318,喱,,2099
3319,瀝,沥,2092
3320,胰,,2088
3321,冕,,2085
3322,鱗,鳞,2081
3323,牟,,2080
3324,硝,,2078
3325,棘,,2073
3326,牡,,2067
3327,拂,,2061
3328,瀕,濒,2058
3329,朧,胧,2056
3330,窟,,2055
3331,沌,,2054
3332,吭,,2050
3333,疹,,2050
3334,冶,,2046
3335,焉,,2043
3336,嗽,,2039
3337,旱,,2038
3338,嗡,,2036
3339,紊,,2035
3340,芹,,2032
3341,顱,颅,2030
3342,廬,庐,2023
3343,闌,阑,2022
3344,咆,,2012
3345,閘,闸,2008
3346,祿,禄,2006
3347,怠,,2004
3348,蒲,,2003
3349,呃,,1993
3350,朔,,1991
3351,鯉,鲤,1990
3352,璋,,1988
3353,楞,,1983
3354,濺,溅,1983
3355,黯,,1981
3356,眶,,1976
3357,烙,,1975
3358,虞,,1973
3359,嶼,屿,1973
3360,豌,,1969
3361,彤,,1963
3362,寇,,1963
3363,惦,,1963
3364,襠,裆,1947
3365,釁,衅,1946
3366,洽,,1940
3367,鈍,钝,1936
3368,憫,悯,1936
3369,嘶,,1932
3370,琉,,1930
3371,臍,脐,1924
3372,蛾,,1922
3373,締,缔,1919
3374,酪,,1917
3375,綢,绸,1917
3376,斐,,1910
3377,痔,,1906
3378,澈,,1903
3379,唔,,1901
3380,禧,,1896
3381,亥,,1891
3382,丞,,1890
3383,砰,,1890
3384,嗆,呛,1890
3385,篤,笃,1887
3386,粽,,1886
3387,攘,,1884
3388,咀,,1882
3389,涮,,1882
3390,噗,,1876
3391,肇,,1868
3392,齦,龈,1866
3393,坷,,1864
3394,婪,,1857
3395,痊,,1856
3396,斟,,1851
3397,穗,,1847
3398,悼,,1843
3399,娓,,1827
3400,鄒,邹,1818
3401,柚,,1816
3402,荀,,1816
3403,袱,,1816
3404,薰,,1812
3405,襟,,1811
3406,冉,,1806
3407,柬,,1805
3408,鱷,鳄,1805
3409,狩,,1801
3410,隕,陨,1795
3411,虜,虏,1794
3412,苑,,1793
3413,饞,馋,1792
3414,汀,,1790
3415,嚨,咙,1790
3416,廖,,1789
3417,窘,,1787
3418,腋,,1784
3419,磷,,1784
3420,擒,,1779
3421,奎,,1777
3422,犢,犊,1777
3423,茉,,1775
3424,鏢,镖,1768
3425,酋,,1761
3426,褶,,1760
3427,甭,,1758
3428,皓,,1755
3429,嘀,,1739
3430,晏,,1737
3431,跋,,1735
3432,嗣,,1734
3433,桓,,1730
3434,渝,,1727
3435,橢,椭,1724
3436,幟,帜,1723
3437,湛,,1720
3438,萃,,1720
3439,疵,,1716
3440,堤,,1714
3441,梧,,1713
3442,頤,颐,1713
3443,峻,,1710
3444,愜,惬,1707
3445,釜,,1697
3446,繆,缪,1697
3447,簧,,1693
3448,濡,,1692
3449,榻,,1691
3450,鴛,鸳,1683
3451,彷,,1682
3452,孵,,1678
3453,嵐,岚,1677
3454,筍,笋,1677
3455,壕,,1675
3456,剿,,1668
3457,膿,脓,1661
3458,笙,,1659
3459,稠,,1659
3460,垢,,1655
3461,淤,,1654
3462,膳,,1647
3463,鬢,鬓,1647
3464,烊,,1643
3465,拗,,1642
3466,邵,,1641
3467,吏,,1639
3468,徊,,1638
3469,揀,拣,1635
3470,幌,,1633
3471,恬,,1623
3472,檀,,1623
3473,噬,,1615
3474,懿,,1613
3475,敖,,1609
3476,蔭,荫,1607
3477,堯,尧,1599
3478,跆,,1599
3479,遏,,1597
3480,潦,,1595
3481,芋,,1594
3482,桔,,1594
3483,閔,闵,1585
3484,阮,,1583
3485,咐,,1582
3486,寅,,1581
3487,霖,,1581
3488,茸,,1580
3489,苔,,1574
3490,蛻,蜕,1574
3491,咎,,1573
3492,聆,,1572
3493,舶,,1572
3494,矚,瞩,1572
3495,庶,,1569
3496,漾,,1569
3497,懊,,1568
3498,緝,缉,1565
3499,遁,,1563
3500,嘈,,1563
3501,鑲,镶,1561
3502,拭,,1560
3503,皈,,1560
3504,殆,,1559
3505,夭,,1558
3506,阱,,1555
3507,鑼,锣,1553
3508,眸,,1551
3509,柵,栅,1548
3510,蔚,,1548
3511,媲,,1546
3512,瀑,,1544
3513,戮,,1543
3514,禹,,1542
3515,駭,骇,1540
3516,綺,绮,1537
3517,凋,,1534
3518,殉,,1526
3519,冀,,1525
3520,滌,涤,1520
3521,禎,祯,1520
3522,妊,,1514
3523,梟,枭,1514
3524,龔,龚,1509
3525,壹,,1508
3526,畔,,1501
3527,窯,窑,1496
3528,膛,,1496
3529,蟆,,1495
3530,喃,,1494
3531,炙,,1481
3532,筐,,1480
3533,餛,馄,1480
3534,糜,,1477
3535,蕪,芜,1475
3536,祀,,1471
3537,恃,,1466
3538,靦,腼,1466
3539,蠱,蛊,1461
3540,懺,忏,1460
3541,瘟,,1458
3542,絢,绚,1456
3543,沁,,1451
3544,釉,,1446
3545,戛,,1445
3546,腆,,1443
3547,茵,,1440
3548,藕,,1437
3549,伶,,1434
3550,洱,,1434
3551,鉗,钳,1434
3552,骷,,1434
3553,鸚,鹦,1434
3554,纜,缆,1426
3555,沽,,1422
3556,嫻,娴,1422
3557,猖,,1414
3558,宦,,1413
3559,媛,,1410
3560,螢,萤,1409
3561,喳,,1408
3562,羋,芈,1405
3563,腱,,1405
3564,尉,,1401
3565,瓢,,1397
3566,弩,,1396
3567,峨,,1396
3568,鞍,,1392
3569,瞥,,1387
3570,眩,,1386
3571,邂,,1385
3572,嫡,,1384
3573,婿,,1382
3574,曦,,1381
3575,藉,,1380
3576,弛,,1379
3577,汲,,1378
3578,鉑,铂,1378
3579,兀,,1377
3580,氟,,1377
3581,陛,,1375
3582,霹,,1375
3583,粟,,1370
3584,瘩,,1369
3585,轅,辕,1369
3586,琵,,1368
3587,湃,,1358
3588,髦,,1357
3589,檳,槟,1357
3590,睦,,1356
3591,儼,俨,1354
3592,鶯,莺,1350
3593,醞,酝,1348
3594,爍,烁,1347
3595,拈,,1343
3596,拴,,1343
3597,倭,,1342
3598,珀,,1341
3599,琶,,1341
3600,魷,鱿,1340
3601,咦,,1337
3602,謗,谤,1336
3603,穹,,1334
3604,恿,,1332
3605,褐,,1331
3606,稟,禀,1327
3607,喋,,1326
3608,悵,怅,1325
3609,酣,,1325
3610,瓏,珑,1323
3611,逞,,1322
3612,繚,缭,1320
3613,瘍,疡,1317
3614,腑,,1312
3615,嶄,崭,1308
3616,鏘,锵,1304
3617,杞,,1291
3618,淌,,1291
3619,贍,赡,1291
3620,舜,,1288
3621,鴦,鸯,1285
3622,鄂,,1283
3623,呱,,1282
3624,臃,,1281
3625,傀,,1273
3626,礁,,1273
3627,齷,龌,1273
3628,卯,,1270
3629,鎊,镑,1267
3630,骰,,1261
3631,咄,,1260
3632,漬,渍,1259
3633,蹋,,1258
3634,皿,,1256
3635,陡,,1256
3636,酗,,1254
3637,赦,,1253
3638,瘸,,1252
3639,螳,,1250
3640,仄,,1245
3641,甥,,1244
3642,迂,,1243
3643,娥,,1240
3644,俑,,1238
3645,裴,,1237
3646,恪,,1235
3647,熾,炽,1235
3648,荼,,1232
3649,漩,,1232
3650,窪,洼,1228
3651,蒿,,1228
3652,簫,箫,1228
3653,娠,,1226
3654,撬,,1226
3655,槳,桨,1226
3656,溥,,1225
3657,捫,扪,1223
3658,捶,,1223
3659,黍,,1223
3660,戎,,1219
3661,喔,,1218
3662,奄,,1217
3663,姊,,1214
3664,繭,茧,1210
3665,梢,,1209
3666,褂,,1207
3667,迢,,1204
3668,寐,,1202
3669,薔,蔷,1197
3670,垣,,1196
3671,袒,,1190
3672,庵,,1189
3673,菴,庵,1189
3674,瀚,,1188
3675,譏,讥,1188
3676,詔,诏,1187
3677,暨,,1186
3678,沼,,1182
3679,嫵,妩,1182
3680,墟,,1176
3681,枸,,1173
3682,冢,,1172
3683,塚,冢,1172
3684,髏,髅,1169
3685,詣,诣,1161
3686,脯,,1160
3687,惆,,1153
3688,缽,钵,1148
3689,鈞,钧,1148
3690,禾,,1146
3691,噎,,1143
3692,徙,,1141
3693,膺,,1141
3694,篆,,1140
3695,擂,,1138
3696,駒,驹,1136
3697,鎂,镁,1135
3698,迥,,1132
3699,扉,,1126
3700,姍,姗,1122
3701,盎,,1119
3702,茹,,1118
3703,渭,,1116
3704,丕,,1115
3705,炊,,1115
3706,阜,,1113
3707,痣,,1112
3708,鉀,钾,1110
3709,摒,,1109
3710,樟,,1104
3711,綸,纶,1094
3712,瘓,痪,1091
3713,綾,绫,1090
3714,藹,蔼,1086
3715,匕,,1084
3716,痙,痉,1083
3717,鷗,鸥,1081
3718,侏,,1079
3719,羹,,1079
3720,匣,,1073
3721,籬,篱,1071
3722,瞌,,1067
3723,錚,铮,1067
3724,吆,,1065
3725,靂,雳,1065
3726,梓,,1063
3727,矣,,1062
3728,霄,,1062
3729,瑚,,1061
3730,鐮,镰,1060
3731,贓,赃,1059
3732,鋤,锄,1058
3733,帷,,1057
3734,邢,,1054
3735,舵,,1053
3736,戊,,1052
3737,葦,苇,1052
3738,稼,,1051
3739,俐,,1048
3740,蛀,,1040
3741,韶,,1040
3742,蠕,,1039
3743,蜻,,1035
3744,瀆,渎,1035
3745,蹊,,1034
3746,暉,晖,1031
3747,泱,,1026
3748,鵲,鹊,1026
3749,胱,,1025
3750,桀,,1024
3751,紂,纣,1023
3752,隴,陇,1023
3753,誣,诬,1022
3754,羲,,1021
3755,殯,殡,1019
3756,轍,辙,1014
3757,瞰,,1003
3758,莠,,998
3759,碉,,998
3760,碘,,997
3761,鳩,鸠,995
3762,戟,,989
3763,娩,,987
3764,羚,,985
3765,憔,,985
3766,藐,,984
3767,鵡,鹉,982
3768,軼,轶,977
3769,蠔,蚝,976
3770,軋,轧,973
3771,燴,烩,973
3772,贛,赣,972
3773,敝,,970
3774,滇,,967
3775,祺,,964
3776,掖,,960
3777,繽,缤,960
3778,燎,,959
3779,骸,,953
3780,坍,,951
3781,羔,,951
3782,簇,,944
3783,奘,,929
3784,琥,,929
3785,皖,,926
3786,彝,,926
3787,榆,,924
3788,膈,,924
3789,邑,,923
3790,鐺,铛,923
3791,漣,涟,922
3792,掄,抡,919
3793,蔗,,919
3794,蝗,,918
3795,莢,荚,916
3796,蹂,,916
3797,蛆,,915
3798,粱,,915
3799,拮,,914
3800,逅,,914
3801,瞟,,908
3802,鰻,鳗,904
3803,嗇,啬,900
3804,衙,,899
3805,捎,,897
3806,娟,,892
3807,瀨,濑,892
3808,彗,,889
3809,蕃,,888
3810,屹,,887
3811,嘍,喽,887
3812,祠,,886
3813,肱,,884
3814,悸,,883
3815,蚯,,883
3816,瘴,,880
3817,呸,,878
3818,啕,,875
3819,簸,,875
3820,鐲,镯,875
3821,爻,,873
3822,炕,,872
3823,玷,,871
3824,璧,,869
3825,弒,弑,868
3826,垠,,867
3827,曙,,865
3828,遐,,864
3829,軻,轲,863
3830,抿,,861
3831,炬,,861
3832,棣,,859
3833,峙,,857
3834,偕,,855
3835,烽,,855
3836,狽,狈,853
3837,宥,,851
3838,縈,萦,849
3839,茴,,848
3840,裘,,848
3841,叩,,846
3842,札,,845
3843,墾,垦,843
3844,諦,谛,842
3845,韃,鞑,842
3846,顰,颦,842
3847,枇,,840
3848,犁,,839
3849,幢,,836
3850,睽,,833
3851,嚏,,832
3852,馥,,827
3853,醺,,827
3854,唆,,826
3855,躊,踌,825
3856,睞,睐,822
3857,壬,,821
3858,槐,,821
3859,齲,龋,821
3860,驛,驿,816
3861,炳,,814
3862,竺,,813
3863,毗,,812
3864,熨,,812
3865,暹,,812
3866,崢,峥,811
3867,貽,贻,811
3868,鋅,锌,811
3869,簿,,811
3870,裳,,810
3871,皎,,809
3872,賂,赂,809
3873,羌,,806
3874,惘,,805
3875,鼬,,804
3876,齪,龊,804
3877,諂,谄,802
3878,祟,,798
3879,飩,饨,798
3880,吮,,796
3881,胭,,794
3882,猾,,794
3883,儷,俪,794
3884,奚,,791
3885,綏,绥,785
3886,銬,铐,785
3887,餾,馏,785
3888,吠,,784
3889,胥,,784
3890,萱,,784
3891,眺,,783
3892,胤,,782
3893,汐,,780
3894,剽,,778
3895,攆,撵,778
3896,儡,,777
3897,嬴,,776
3898,杷,,774
3899,閏,闰,773
3900,笠,,771
3901,曳,,770
3902,罔,,767
3903,褚,,767
3904,猙,狰,762
3905,諺,谚,759
3906,黝,,755
3907,捻,,754
3908,卉,,752
3909,徨,,752
3910,蜥,,752
3911,柑,,750
3912,遑,,745
3913,菁,,739
3914,痿,,731
3915,錨,锚,731
3916,籟,籁,729
3917,叱,,728
3918,跺,,727
3919,搔,,724
3920,偌,,722
3921,搪,,721
3922,殃,,720
3923,騖,骛,718
3924,餌,饵,717
3925,蝌,,717
3926,榔,,716
3927,褥,,714
3928,躇,,712
3929,亙,亘,710
3930,帚,,708
3931,瘧,疟,708
3932,襖,袄,708
3933,愕,,707
3934,咻,,706
3935,蚓,,702
3936,岐,,701
3937,湮,,699
3938,啄,,698
3939,鞅,,698
3940,惴,,697
3941,瘠,,696
3942,蜓,,695
3943,俾,,694
3944,漳,,693
3945,攙,搀,693
3946,栩,,692
3947,攣,挛,689
3948,鴕,鸵,688
3949,孺,,688
3950,苓,,687
3951,殤,殇,684
3952,蹉,,683
3953,嬤,嬷,682
3954,戌,,678
3955,胛,,678
3956,忿,,677
3957,佰,,676
3958,岌,,675
3959,婁,娄,675
3960,蚤,,672
3961,偎,,672
3962,訥,讷,671
3963,蚌,,670
3964,汾,,669
3965,堰,,668
3966,熹,,667
3967,孚,,665
3968,汞,,665
3969,麾,,664
3970,麓,,664
3971,撻,挞,663
3972,礪,砺,663
3973,諫,谏,662
3974,佯,,660
3975,梔,栀,660
3976,涇,泾,659
3977,鞘,,659
3978,砥,,658
3979,岱,,657
3980,蜈,,657
3981,蹺,跷,657
3982,恣,,653
3983,閡,阂,653
3984,臻,,653
3985,颯,飒,652
3986,岑,,650
3987,騾,骡,650
3988,蕊,,649
3989,簪,,646
3990,炯,,645
3991,糠,,645
3992,黔,,641
3993,蹶,,636
3994,蟒,,635
3995,皰,疱,634
3996,羿,,633
3997,鵑,鹃,631
3998,紉,纫,629
3999,嫦,,628
4000,裊,袅,621
4001,詼,诙,621
4002,簍,篓,619
4003,顎,颚,619
4004,硯,砚,618
4005,磋,,618
4006,擄,掳,614
4007,癩,癞,614
4008,扈,,613
4009,箔,,608
4010,酉,,607
4011,渚,,606
4012,紕,纰,605
4013,臼,,604
4014,瞭,,604
4015,埠,,602
4016,躪,躏,602
4017,廿,,601
4018,渥,,601
4019,睬,,601
4020,鱔,鳝,601
4021,罹,,600
4022,稷,,599
4023,孑,,597
4024,怔,,596
4025,麝,,592
4026,頃,顷,587
4027,榕,,585
4028,覬,觊,583
4029,肴,,582
4030,婢,,579
4031,騁,骋,579
4032,瑛,,577
4033,淞,,575
4034,轂,毂,575
4035,耘,,569
4036,霎,,566
4037,鯽,鲫,566
4038,吒,咤,564
4039,嗟,,561
4040,姣,,560
4041,竣,,558
4042,隅,,558
4043,毓,,558
4044,癸,,554
4045,踵,,551
4046,箴,,545
4047,獰,狞,545
4048,驀,蓦,544
4049,舀,,542
4050,涎,,542
4051,咫,,540
4052,冽,,539
4053,孱,,538
4054,煬,炀,538
4055,峭,,535
4056,榷,,535
4057,魘,魇,535
4058,芻,刍,533
4059,煜,,533
4060,瞠,,532
4061,鼾,,528
4062,逵,,525
4063,裨,,525
4064,杵,,523
4065,窖,,523
4066,豉,,519
4067,啾,,519
4068,餿,馊,518
4069,諄,谆,513
4070,藺,蔺,513
4071,吩,,509
4072,窈,,509
4073,雋,隽,509
4074,螻,蝼,508
4075,苞,,507
4076,晤,,507
4077,緘,缄,504
4078,纂,,504
4079,掣,,501
4080,蚪,,500
4081,剌,,499
4082,叵,,498
4083,夙,,497
4084,玖,,497
4085,塾,,497
4086,踴,踊,497
4087,俚,,496
4088,颶,飓,494
4089,叟,,492
4090,鵪,鹌,492
4091,卞,,490
4092,瑙,,490
4093,踱,,490
4094,飭,饬,488
4095,偃,,487
4096,覦,觎,487
4097,悴,,486
4098,膾,脍,485
4099,闔,阖,485
4100,緞,缎,484
4101,戍,,483
4102,娑,,481
4103,秧,,480
4104,渙,涣,480
4105,楔,,478
4106,獷,犷,478
4107,巳,,477
4108,磐,,474
4109,樵,,474
4110,蛔,,472
4111,鈾,铀,472
4112,臧,,471
4113,蚣,,469
4114,鉻,铬,467
4115,湍,,466
4116,櫚,榈,465
4117,拄,,464
4118,佗,,463
4119,虱,,463
4120,潸,,463
4121,蝨,虱,463
4122,嬪,嫔,463
4123,貯,贮,462
4124,淅,,460
4125,錳,锰,460
4126,翟,,459
4127,銖,铢,459
4128,絹,绢,453
4129,鏤,镂,452
4130,蛟,,451
4131,韁,缰,451
4132,帛,,446
4133,溉,,445
4134,犄,,445
4135,莘,,441
4136,躡,蹑,441
4137,樽,,440
4138,蹣,蹒,440
4139,菅,,439
4140,癆,痨,438
4141,瀛,,438
4142,氦,,436
4143,遴,,436
4144,攫,,435
4145,亟,,434
4146,潺,,434
4147,驥,骥,434
4148,瞿,,433
4149,癬,癣,432
4150,愴,怆,428
4151,躂,跶,428
4152,悻,,427
4153,誨,诲,427
4154,杳,,424
4155,弼,,419
4156,茁,,417
4157,諭,谕,417
4158,翱,,416
4159,鏗,铿,416
4160,檜,桧,415
4161,瘀,,414
4162,隍,,413
4163,髯,,413
4164,涓,,409
4165,惻,恻,409
4166,泗,,407
4167,茱,,407
4168,蜴,,406
4169,榛,,405
4170,鐸,铎,405
4171,鷺,鹭,403
4172,貳,贰,402
4173,遨,,401
4174,鞣,,401
4175,犒,,399
4176,梆,,398
4177,玟,,397
4178,樺,桦,397
4179,鶉,鹑,397
4180,忱,,396
4181,謨,谟,392
4182,砧,,390
4183,潼,,390
4184,窕,,389
4185,匍,,388
4186,茗,,388
4187,羸,,388
4188,鰭,鳍,388
4189,馱,驮,387
4190,臏,膑,387
4191,俳,,386
4192,劾,,385
4193,砝,,384
4194,豺,,384
4195,鐳,镭,384
4196,鎳,镍,383
4197,艮,,382
4198,旌,,382
4199,耙,,381
4200,颼,飕,380
4201,簑,蓑,379
4202,佃,,378
4203,塹,堑,378
4204,蠣,蛎,377
4205,壑,,375
4206,鎔,镕,374
4207,昀,,371
4208,睨,,371
4209,稈,秆,369
4210,餉,饷,368
4211,麋,,368
4212,鸞,鸾,368
4213,峪,,364
4214,淄,,364
4215,舷,,363
4216,罄,,363
4217,聿,,361
4218,蚩,,361
4219,肄,,360
4220,籮,箩,360
4221,斡,,359
4222,跎,,357
4223,麩,麸,357
4224,盂,,356
4225,皚,皑,356
4226,羶,膻,356
4227,蚱,,353
4228,榫,,352
4229,赳,,351
4230,澗,涧,350
4231,荏,,349
4232,匐,,348
4233,佇,伫,347
4234,鍥,锲,347
4235,楨,桢,346
4236,呷,,344
4237,跚,,344
4238,箕,,344
4239,箋,笺,343
4240,躉,趸,341
4241,蜿,,338
4242,鱸,鲈,338
4243,賅,赅,337
4244,鉸,铰,337
4245,沱,,334
4246,祐,,332
4247,濘,泞,332
4248,纓,缨,332
4249,鴆,鸩,331
4250,庾,,330
4251,晌,,329
4252,硼,,325
4253,蠡,,325
4254,鰍,鳅,324
4255,芍,,323
4256,啜,,323
4257,鳶,鸢,323
4258,庖,,322
4259,僭,,322
4260,襤,褴,321
4261,匝,,319
4262,鎢,钨,319
4263,揩,,318
4264,煦,,317
4265,驪,骊,317
4266,佝,,316
4267,筠,,316
4268,槌,,316
4269,瞑,,315
4270,匾,,314
4271,蘚,藓,314
4272,浚,,313
4273,蕙,,313
4274,檄,,312
4275,頡,颉,311
4276,砷,,310
4277,筵,,309
4278,賁,贲,308
4279,閭,闾,308
4280,蹙,,308
4281,瘁,,304
4282,俸,,303
4283,噫,,303
4284,牘,牍,303
4285,佻,,302
4286,啖,,302
4287,孿,孪,302
4288,漪,,301
4289,萵,莴,300
4290,憩,,300
4291,蓓,,298
4292,犛,牦,298
4293,氤,,297
4294,霏,,297
4295,宸,,295
4296,靨,靥,295
4297,睥,,294
4298,祚,,293
4299,祇,,292
4300,獗,,290
4301,疝,,288
4302,髻,,288
4303,霽,霁,288
4304,銼,锉,286
4305,褓,,285
4306,黠,,285
4307,榭,,284
4308,燮,,283
4309,矗,,283
4310,涸,,281
4311,滓,,281
4312,懣,懑,281
4313,盹,,280
4314,讖,谶,280
4315,跛,,279
4316,搽,,279
4317,靼,,278
4318,儈,侩,278
4319,璣,玑,278
4320,賒,赊,277
4321,雉,,276
4322,礫,砾,276
4323,泓,,275
4324,厝,,275
4325,橇,,275
4326,鮫,鲛,272
4327,琺,珐,270
4328,鑣,镳,266
4329,俎,,263
4330,蟋,,263
4331,甕,瓮,263
4332,寮,,262
4333,砭,,261
4334,釧,钏,261
4335,駙,驸,261
4336,賑,赈,260
4337,鏖,,260
4338,衢,,260
4339,袞,衮,259
4340,駢,骈,257
4341,殮,殓,257
4342,鍬,锹,257
4343,囪,囱,256
4344,岷,,256
4345,邸,,256
4346,囈,呓,256
4347,袈,,255
4348,陲,,255
4349,繕,缮,255
4350,翌,,254
4351,鈷,钴,254
4352,蜃,,252
4353,漕,,251
4354,阡,,250
4355,釗,钊,250
4356,倏,,249
4357,嶇,岖,249
4358,幔,,247
4359,圃,,246
4360,筏,,245
4361,觴,觞,245
4362,鵠,鹄,241
4363,祗,,240
4364,噤,,240
4365,諉,诿,239
4366,巒,峦,239
4367,竽,,238
4368,覲,觐,238
4369,堊,垩,237
4370,氳,氲,236
4371,奐,奂,235
4372,笆,,235
4373,舐,,235
4374,靄,霭,235
4375,黜,,234
4376,兗,兖,233
4377,狷,,233
4378,蜇,,232
4379,濠,,229
4380,怏,,228
4381,鷓,鹧,228
4382,嚀,咛,227
4383,翎,,226
4384,褸,褛,225
4385,擻,擞,224
4386,沅,,223
4387,甬,,223
4388,苣,,223
4389,滂,,223
4390,笞,,222
4391,愎,,222
4392,獺,獭,222
4393,訌,讧,221
4394,蛹,,221
4395,譎,谲,221
4396,牯,,220
4397,婀,,220
4398,黷,黩,219
4399,忖,,218
4400,鬃,,218
4401,瑁,,217
4402,痱,,217
4403,齜,龇,217
4404,鄱,,216
4405,嘹,,215
4406,錠,锭,215
4407,揖,,214
4408,嬋,婵,214
4409,甌,瓯,214
4410,冑,胄,209
4411,胄,,209
4412,酊,,209
4413,鴣,鸪,209
4414,桅,,207
4415,臾,,206
4416,祉,,205
4417,豢,,204
4418,詁,诂,203
4419,佞,,202
4420,頷,颔,200
4421,媾,,199
4422,銑,铣,199
4423,酩,,198
4424,軛,轭,197
4425,玳,,196
4426,旖,,196
4427,贗,赝,196
4428,慟,恸,195
4429,蒞,莅,195
4430,燧,,195
4431,鰓,鳃,195
4432,鼴,鼹,195
4433,耆,,194
4434,窠,,194
4435,蟈,蝈,194
4436,騫,骞,194
4437,蕨,,193
4438,夔,,193
4439,恙,,191
4440,幗,帼,191
4441,挈,,190
4442,謄,誊,189
4443,氐,,188
4444,肓,,188
4445,埂,,188
4446,謁,谒,188
4447,餒,馁,183
4448,弭,,182
4449,濯,,181
4450,稔,,178
4451,綰,绾,177
4452,刎,,175
4453,雹,,175
4454,蟀,,175
4455,縊,缢,174
4456,仃,,173
4457,袂,,173
4458,邕,,173
4459,裟,,173
4460,怵,,172
4461,荻,,172
4462,苜,,171
4463,剜,,171
4464,舛,,169
4465,胴,,167
4466,掬,,167
4467,毽,,166
4468,仞,,165
4469,痢,,165
4470,戕,,164
4471,巽,,164
4472,覃,,162
4473,踟,,162
4474,岫,,159
4475,麂,,157
4476,駟,驷,157
4477,斫,,155
4478,慍,愠,155
4479,餞,饯,155
4480,櫛,栉,155
4481,邇,迩,155
4482,萋,,154
4483,驃,骠,154
4484,粳,,152
4485,讒,谗,151
4486,伉,,147
4487,顓,颛,147
4488,徇,,145
4489,櫓,橹,145
4490,鱖,鳜,145
4491,蠹,,145
4492,萼,,144
4493,紜,纭,143
4494,澹,,143
4495,噙,,142
4496,誑,诳,141
4497,樅,枞,141
4498,盥,,141
4499,鑠,铄,141
4500,赧,,140
4501,牒,,140
4502,櫝,椟,140
4503,鑾,銮,139
4504,嫗,妪,137
4505,弁,,136
4506,苒,,135
4507,寤,,135
4508,獐,,134
4509,鰱,鲢,131
4510,汨,,130
4511,唳,,130
4512,蛭,,129
4513,礬,矾,129
4514,舂,,128
4515,祆,,126
4516,翳,,126
4517,濂,,125
4518,卅,,124
4519,忝,,124
4520,旎,,124
4521,蓿,,124
4522,噯,嗳,124
4523,喟,,123
4524,僖,,123
4525,姒,,121
4526,俟,,120
4527,哂,,120
4528,秣,,120
4529,猷,,120
4530,琿,珲,120
4531,歙,,120
4532,訃,讣,118
4533,飴,饴,118
4534,遽,,115
4535,銓,铨,113
4536,鰥,鳏,113
4537,妁,,111
4538,噥,哝,111
4539,疽,,110
4540,訐,讦,110
4541,愾,忾,110
4542,蜢,,110
4543,輜,辎,110
4544,聱,,110
4545,齟,龃,110
4546,仟,,108
4547,爰,,108
4548,狎,,107
4549,疥,,107
4550,紇,纥,107
4551,孳,,106
4552,簞,箪,106
4553,瓠,,105
4554,棹,,105
4555,楹,,105
4556,頊,顼,105
4557,璜,,105
4558,靛,,105
4559,誥,诰,104
4560,藪,薮,104
4561,鷂,鹞,104
4562,屐,,101
4563,荸,,101
4564,戡,,101
4565,孀,,100
4566,臬,,99
4567,啻,,99
4568,諍,诤,99
4569,牝,,98
4570,姘,,98
4571,曷,,98
4572,崆,,98
4573,揆,,98
4574,槁,,98
4575,璦,瑷,98
4576,灤,滦,97
4577,歿,殁,96
4578,莒,,96
4579,蛄,,95
4580,豕,,94
4581,闈,闱,94
4582,萸,,93
4583,漯,,93
4584,悌,,92
4585,擘,,92
4586,倌,,90
4587,倨,,89
4588,赭,,87
4589,澧,,87
4590,摑,掴,86
4591,舫,,84
4592,刈,,83
4593,坩,,82
4594,唁,,82
4595,闋,阕,81
4596,僮,,79
4597,闐,阗,79
4598,恫,,78
4599,蓀,荪,78
4600,駑,驽,78
4601,妣,,77
4602,篁,,77
4603,囁,嗫,77
4604,妯,,75
4605,菽,,75
4606,娣,,72
4607,槨,椁,72
4608,泅,,69
4609,苧,苎,69
4610,楫,,68
4611,孓,,67
4612,輦,辇,67
4613,篾,,67
4614,柩,,65
4615,逖,,65
4616,柞,,64
4617,鏜,镗,64
4618,翕,,63
4619,貉,,63
4620,嚅,,62
4621,蹼,,62
4622,閂,闩,60
4623,倥,,60
4624,倀,伥,60
4625,乩,,59
4626,鯧,鲳,59
4627,娌,,58
4628,唷,,57
4629,皴,,57
4630,壅,,56
4631,磬,,56
4632,舢,,55
4633,瞽,,55
4634,鮪,鲔,54
4635,軔,轫,53
4636,臚,胪,53
4637,妤,,52
4638,絀,绌,51
4639,菰,,51
4640,訖,讫,50
4641,爨,,49
4642,耒,,48
4643,兕,,47
4644,鏑,镝,47
4645,媼,媪,46
4646,淙,,45
4647,螟,,45
4648,齬,龉,45
4649,枋,,44
4650,鬲,,44
4651,捩,,44
4652,篙,,44
4653,髭,,44
4654,簣,篑,44
4655,轡,辔,44
4656,薜,,43
4657,卮,,39
4658,蚶,,39
4659,帑,,38
4660,蕈,,38
4661,玀,猡,37
4662,缶,,36
4663,畦,,36
4664,氖,,34
4665,緇,缁,34
4666,躑,踯,33
4667,洌,,31
4668,梃,,31
4669,貊,,30
4670,鈸,钹,30
4671,褫,,30
4672,蟯,蛲,30
4673,盍,,29
4674,溘,,29
4675,鼙,,29
4676,鰾,鳔,29
4677,邐,逦,29
4678,庠,,28
4679,嫘,,28
4680,璩,,28
4681,饜,餍,28
4682,疳,,27
4683,逕,迳,27
4684,鈐,钤,27
4685,躅,,27
4686,囀,啭,27
4687,奩,奁,26
4688,牖,,26
4689,戢,,25
4690,縑,缣,25
4691,螫,,25
4692,癘,疠,25
4693,犖,荦,24
4694,鐃,铙,24
4695,匏,,23
4696,嗾,,23
4697,颺,飏,23
4698,墀,,22
4699,繅,缫,22
4700,圯,,21
4701,鷥,鸶,21
4702,畚,,20
4703,儔,俦,20
4704,轔,辚,20
4705,鏃,镞,19
4706,劬,,18
4707,貲,赀,18
4708,夤,,18
4709,嶝,,18
4710,佾,,17
4711,迺,,17
4712,谿,,16
4713,圬,,14
4714,穡,穑,14
4715,芟,,13
4716,愀,,13
4717,嗥,,13
4718,儐,傧,13
4719,壙,圹,13
4720,肫,,12
4721,飧,,12
4722,歟,欤,12
4723,呶,,11
4724,耜,,10
4725,傖,伧,10
4726,懍,懔,10
4727,磴,,10
4728,罟,,9
4729,埤,,9
4730,傯,偬,9
4731,詘,诎,9
4732,輊,轾,9
4733,遘,,9
4734,鴒,鸰,9
4735,矓,眬,8
4736,湔,,7
4737,霪,,7
4738,縲,缧,6
4739,崁,,5
4740,浬,,4
4741,幛,,3
4742,壢,坜,3
4743,仳,,2
4744,坼,,2
4745,陴,,2
4746,鏝,镘,2
4747,剴,剀,1
4748,慝,,1
4749,紼,绋,0
4750,鄹,,0
4751,鍰,锾,0
4752,疋,,0
4753,伕,,0
4754,吋,,0
4755,糸,,0
4756,呎,,0
4757,牠,,0
4758,迆,,0
4759,妳,,0
4760,拚,,0
4761,玨,,0
4762,甽,,0
4763,矽,,0
4764,姪,,0
4765,牴,,0
4766,倣,,0
4767,珮,,0
4768,舨,,0
4769,偺,,0
4770,啣,,0
4771,勗,,0
4772,梱,,0
4773,猓,,0
4774,琍,,0
4775,蚵,,0
4776,勦,,0
4777,塭,,0
4778,徬,,0
4779,搾,,0
4780,瑯,,0
4781,痲,,0
4782,痺,,0
4783,睪,,0
4784,鈽,,0
4785,鉋,,0
4786,慇,,0
4787,瘉,,0
4788,箝,,0
4789,貍,,0
4790,跼,,0
4791,撚,,0
4792,瞇,,0
4793,綞,,0
4794,踫,,0
4795,嬝,,0
4796,燐,,0
4797,燄,,0
4798,篛,,0
4799,濬,,0
4800,磺,,0
4801,糢,,0
4802,櫂,,0
4803,餽,,0
4804,簷,,0
4805,鏍,,0
4806,籐,,0
4807,蘗,,0
4808,鼇,,0
